complaint_id,citizen_id,complaint_text,department,resolution_time_days
5328,1933,Scholarship mein OBC category me galat percentage cut,Education Department,16
5676,1836,Witness protection not provided in sensitive murder case,Judicial & Legal Services,28
5535,1587,Brick kiln license application pending for 90 days,Licensing & Regulatory Services,29
5562,1175,Hotel license application documents demanded repeatedly,Licensing & Regulatory Services,16
5359,1554,ST scholarship form rejected without proper reason given,Education Department,31
5670,1760,Execution order not implemented by court for 3 months,Judicial & Legal Services,8
5141,1513,"gaon mein hospital nahi hai, health sub-centre bhi band",Panchayat Department,18
5654,1517,mujhe case ki next date nahi batai gayi court se,Judicial & Legal Services,31
5266,1941,Door-to-door garbage collection stopped in my ward,Urban Administration,11
5198,1339,Waste collection vehicle not coming to ward 8 since weeks,Panchayat Department,45
5177,1462,"gaon mein plastic waste problem, koi collection nahi",Panchayat Department,4
5040,1801,boundary dispute resolution meeting postponed thrice already,Revenue Department,4
5274,1905,Bhawan anumati ke baad occupancy certificate nahi mila,Urban Administration,7
5561,1210,RTO ne vehicle registration challan galat amount ka diya,Licensing & Regulatory Services,14
5765,1398,Forest department ne meri kheti zameen pe kabja kar liya,Agriculture & Forestry,40
5647,1542,Compensation case lapsed as no hearing held for months,Judicial & Legal Services,28
5110,1039,nali ka nirman ghatiya material se kiya gaya hai gaon mein,Panchayat Department,10
5020,2000,patwari ne bribe maanga land record correction ke liye,Revenue Department,4
5741,1833,Seed mini kit not distributed in scheduled village,Agriculture & Forestry,11
5229,1844,Birth certificate application portal not working since days,Urban Administration,13
5673,1119,Land acquisition compensation dispute case very slow,Judicial & Legal Services,24
5543,1329,Solar panel installer registration pending at CREDA,Licensing & Regulatory Services,21
5476,1685,"Ration mein ghaseela chawal aaya, bada problem hua",Social Welfare Department,13
5346,1541,Post matric scholarship status portal error continuously,Education Department,43
5709,1395,Tractor subsidy application rejected without reason,Agriculture & Forestry,44
5289,1084,nagarpalika ne ghar ghar suction nahi kiya mahino se,Urban Administration,9
5402,1528,Widow pension application rejected without valid reason,Social Welfare Department,24
5715,1936,Forest department ne meri kheti zameen pe kabja kar liya,Agriculture & Forestry,28
5025,1062,nakal issuance ke counter pe bahut delay ho raha hai,Revenue Department,30
5117,1379,MGNREGA kaam band ho gaya bina kisi notice ke,Panchayat Department,31
5217,1664,Mosquito fogging not done in colony since 2 months,Urban Administration,31
5299,1879,Construction debris on footpath not cleared by contractor,Urban Administration,44
5076,1987,"talwar pe jameen ka vivaad chal raha hai, sunwai nahi",Revenue Department,16
5827,1861,Doctor ne private hospital refer kar diya without trying,Public Health & Relief,18
5260,1731,Nagar palika ne birth certificate issue karna band kar diya,Urban Administration,25
5022,1778,meri dadi ki zameen ka naam change nahi hua hai abhi tak,Revenue Department,39
5298,1529,"Cable wire hanging low near market, dangerous for traffic",Urban Administration,37
5242,1460,No water supply for 4 days in colony 7 area,Urban Administration,28
5767,1966,Mandi mein fasal ka sahi daam nahi mila aaj tak,Agriculture & Forestry,7
5386,1407,Exam fee submitted but admit card not issued in time,Education Department,42
5380,1880,Practical examination date clash with theory paper,Education Department,5
5029,1623,Land record portal shows wrong owner name in my village,Revenue Department,20
5785,1366,Goat rearing scheme application pending for 5 months,Agriculture & Forestry,40
5453,1662,Disability certificate application pending for 6 months,Social Welfare Department,34
5718,1345,Agriculture extension officer kabhi bhi gaon nahi aata,Agriculture & Forestry,10
5087,1198,Collector office ne koi reply nahi diya meri appeal pe,Revenue Department,12
5182,1417,"Pump operator absent frequently, water not reaching all",Panchayat Department,26
5745,1985,Agricultural pump electricity subsidy stopped suddenly,Agriculture & Forestry,11
5854,1466,Hospital mein medicine stock khatam hai 1 week se,Public Health & Relief,44
5656,1534,court ka notice mila but no service was ever done,Judicial & Legal Services,37
5138,1995,panchayat ne complaint ka koi record hi nahi rakha,Panchayat Department,25
5181,1588,MGNREGA muster roll mein fake entries ho rahi hain,Panchayat Department,8
5748,1043,Crop loan waiver amount credited wrong account,Agriculture & Forestry,45
5238,1990,"bijli ke khambe ke paas paani bhar raha, khatarnaak hai",Urban Administration,9
5815,1795,Swasthya shivir mein galat medicine de di ek patient ko,Public Health & Relief,9
5559,1360,Building plan approval taking more than 90 days at UDH,Licensing & Regulatory Services,27
5892,1495,Health department inspection team ne kuch nahi kiya,Public Health & Relief,44
5731,1612,Forest clearance for farm road not given in 6 months,Agriculture & Forestry,16
5139,1932,Village common land encroached by local influential person,Panchayat Department,19
5754,1358,Crop insurance claim rejected without proper explanation,Agriculture & Forestry,27
5755,1159,PM Kisan installment nahi aai is quarter mein,Agriculture & Forestry,31
5605,1262,NALSA scheme ka laabh nahi mila poor family ko,Judicial & Legal Services,34
5073,1916,Challan for land conversion not processed in 2 months,Revenue Department,39
5333,1420,Class 9 science teacher not available since October,Education Department,22
5650,1192,Labour court judgment execution not done in time,Judicial & Legal Services,9
5838,1709,Water purification tablet kit nahi diya flood area mein,Public Health & Relief,32
5368,1405,Scholarship portal pe login nahi ho raha kabhi kabhi,Education Department,23
5663,1602,Maintenance case hearing postponed 5 times consecutively,Judicial & Legal Services,6
5727,1495,Pashu doctor kabhi bhi available nahi hota hamara area,Agriculture & Forestry,3
5708,1573,Irrigation canal se pani band ho gaya kheti ke season mein,Agriculture & Forestry,6
5123,1075,"samudayik bhavan ka taala band hai, kisi ko access nahi",Panchayat Department,29
5097,1530,tehsildar ke paas complaint di thi koi sunta nahi,Revenue Department,30
5526,1343,Vehicle transport permit renewal delayed by 2 months,Licensing & Regulatory Services,14
5472,1502,Women self help group loan nahi mila 6 mahine se pending,Social Welfare Department,45
5273,1574,"Park in my area overgrown, municipal staff not maintaining",Urban Administration,11
5523,1742,School registration certificate renewal delayed 6 months,Licensing & Regulatory Services,42
5866,1099,Community health worker absent from duty regularly,Public Health & Relief,28
5259,1830,"parking problem near hospital, koi solution nahi mila",Urban Administration,33
5833,1012,Health ID card nahi bana hai mera abhi tak,Public Health & Relief,40
5798,1867,Crop loan waiver amount credited wrong account,Agriculture & Forestry,9
5170,1762,gaon ke kutchha raste mein gitta bichhi nahi gayi abhi tak,Panchayat Department,16
5566,1613,Nursery license application pending at horticulture dept,Licensing & Regulatory Services,7
5814,1805,Free dialysis scheme mein naam hote hue bhi denied,Public Health & Relief,20
5455,1641,Ration card abhi tak nahi bana hai 1 saal ho gaya,Social Welfare Department,3
5586,1646,CGPDTM registration pending for new small business,Licensing & Regulatory Services,20
5460,1642,Orphan child support scheme nahi mili family ko,Social Welfare Department,26
5855,1454,Aayushman card se treatment deny kar diya hospital ne,Public Health & Relief,30
5080,1439,tehsil se pending nahi nikal raha kisi ka bhi document,Revenue Department,34
5679,1808,Public prosecutor absent during important hearing today,Judicial & Legal Services,29
5403,1151,Disability certificate application pending for 6 months,Social Welfare Department,44
5063,1872,revenue inspector ne site visit nahi ki abhi tak,Revenue Department,23
5823,1709,Emergency ward mein nurse ne sahi treatment nahi ki,Public Health & Relief,42
5028,1354,Stamp duty calculation dispute not resolved by sub-registrar,Revenue Department,41
5818,1260,PHC ke bahar chhote bachche ka ilaj nahi hua properly,Public Health & Relief,19
5005,1770,"khasra number correction ke liye apply kiya tha, koi jawab nahi",Revenue Department,12
5408,1129,Pension amount credited to wrong bank account last month,Social Welfare Department,24
5601,1733,"Legal aid request sent 3 months ago, no lawyer assigned",Judicial & Legal Services,20
5147,1827,"Gram panchayat ka noticeboard blank, koi suchna nahi",Panchayat Department,4
5304,1495,"Textbooks distributed late, students suffered 2 months",Education Department,21
5881,1777,TB patient medication supply irregular at local PHC,Public Health & Relief,27
5611,1763,Lok adalat settlement nahi hua despite both parties there,Judicial & Legal Services,23
5776,1684,Rubber plantation scheme laabh nahi mila tribal community,Agriculture & Forestry,11
5666,1452,"Case documents lost by court staff, no acknowledgment",Judicial & Legal Services,20
5282,1500,Illegal hoarding put on public park boundary wall,Urban Administration,39
5887,1535,"NHM nurse struck off duty, ward empty without notice",Public Health & Relief,11
5396,1933,Post matric scholarship status portal error continuously,Education Department,5
5621,1758,Summons not served to defendant despite court order,Judicial & Legal Services,31
5027,1024,Digitization error in old khasra records not corrected,Revenue Department,3
5459,1537,Mukhyamantri suposhan abhiyan ka laabh nahi mila,Social Welfare Department,44
5075,1801,nakal issuance ke counter pe bahut delay ho raha hai,Revenue Department,4
5662,1927,Police ne FIR likhne se mana kar diya bina reason ke,Judicial & Legal Services,22
5492,1629,Complaint register at social welfare office never updated,Social Welfare Department,41
5069,1365,Inheritance mutation still pending after submitting all papers,Revenue Department,23
5774,1065,"Maize crop loss due to pest, no help from dept",Agriculture & Forestry,37
5664,1218,POSCO case victim ko legal aid nahi mili promptly,Judicial & Legal Services,33
5390,1680,Teacher posted in city but teaching in village on paper,Education Department,19
5884,1409,Dialysis machine at district hospital broken for weeks,Public Health & Relief,30
5053,1903,Property tax demand notice galat amount pe aaya hai,Revenue Department,37
5316,1745,"Merit list wrong hai, mera naam nahi aaya sahi score pe",Education Department,38
5644,1953,Complaint about corrupt judicial process not registered,Judicial & Legal Services,17
5604,1856,mujhe case ki next date nahi batai gayi court se,Judicial & Legal Services,22
5557,1386,Liquor license objection hearing date not given by dept,Licensing & Regulatory Services,17
5006,1367,Nakal of land record not given despite multiple visits,Revenue Department,44
5245,1042,Municipal solid waste dumped near residential area illegally,Urban Administration,20
5041,1594,mujhe apni zameen ki certified copy nahi mil rahi hai,Revenue Department,34
5629,1621,Public prosecutor absent during important hearing today,Judicial & Legal Services,28
5487,1539,Social security allowance not revised despite inflation,Social Welfare Department,38
5066,1703,registry ke baad mutation update nahi hua 4 mahine ho gaye,Revenue Department,26
5332,1471,Disabled student ko wheelchair accessible classroom nahi,Education Department,7
5527,1318,Pharma store license inspection pending since 3 months,Licensing & Regulatory Services,12
5415,1861,"Destitute women shelter overcrowded, basic needs lacking",Social Welfare Department,16
5594,1300,Electrical contractor license renewal rejected unfairly,Licensing & Regulatory Services,45
5495,1694,Foster care application pending for over 4 months now,Social Welfare Department,16
5023,1627,Challan for land conversion not processed in 2 months,Revenue Department,27
5449,1288,Caretaker at old age home behaving rudely with residents,Social Welfare Department,26
5752,1508,Kisan credit card application pending for 3 months,Agriculture & Forestry,26
5292,1777,No water supply for 4 days in colony 7 area,Urban Administration,39
5789,1061,Kisan helpline se koi call back nahi aaya after complaint,Agriculture & Forestry,30
5684,1046,Fast track court hearing postponed due to judge absence,Judicial & Legal Services,5
5849,1081,"Cardiac patient ke liye referral delay hua, patient serious",Public Health & Relief,22
5705,1877,PM Kisan installment nahi aai is quarter mein,Agriculture & Forestry,32
5740,1226,Mango orchard scheme benefits not given to small farmers,Agriculture & Forestry,16
5011,1121,khatauni correction application rejected bina reason bataye,Revenue Department,28
5162,1795,Public toilet at bus stand not being cleaned properly,Panchayat Department,12
5078,1532,Stamp duty calculation dispute not resolved by sub-registrar,Revenue Department,13
5550,1223,Slaughter license renewal application missing from records,Licensing & Regulatory Services,5
5105,1109,road construction kaam adhura chhod diya contractors ne,Panchayat Department,32
5064,1936,Mutation entry gaon ke bahar wali zameen pe galat ho gayi,Revenue Department,37
5031,1884,mera plot ka area wrong mentioned in official records,Revenue Department,28
5717,1038,Mandi mein fasal ka sahi daam nahi mila aaj tak,Agriculture & Forestry,25
5370,1438,Teacher always absent on Mondays and Fridays regularly,Education Department,33
5149,1899,Sarpanch ignoring complaints about illegal construction,Panchayat Department,20
5511,1654,RTO ne vehicle registration challan galat amount ka diya,Licensing & Regulatory Services,45
5423,1967,Social welfare inspector ne bribe maanga pension ke liye,Social Welfare Department,25
5689,1222,Munsif court orders not followed by state agency,Judicial & Legal Services,26
5686,1126,PWD dispute arbitration delayed for 4 months now,Judicial & Legal Services,23
5056,1639,Nakal of land record not given despite multiple visits,Revenue Department,44
5295,1177,Municipal solid waste dumped near residential area illegally,Urban Administration,22
5549,1526,Construction firm registration at PWD not done timely,Licensing & Regulatory Services,34
5096,1921,Wrong entry in inheritance partition document at tehsil,Revenue Department,20
5183,1034,gaon ki seedhi nali mein kaafi dino se pani jam raha,Panchayat Department,37
5254,1793,Building permit application pending for more than 3 months,Urban Administration,12
5649,1182,Environmental tribunal complaint ignored completely,Judicial & Legal Services,10
5860,1466,District hospital mein X-ray machine kharab hai 2 weeks,Public Health & Relief,28
5497,1024,Social audit of welfare scheme not conducted in 1 year,Social Welfare Department,18
5072,1788,meri dadi ki zameen ka naam change nahi hua hai abhi tak,Revenue Department,10
5325,1746,Board exam center changed without proper student notice,Education Department,4
5768,1440,Agriculture extension officer kabhi bhi gaon nahi aata,Agriculture & Forestry,23
5445,1700,Foster care application pending for over 4 months now,Social Welfare Department,10
5713,1790,Vermi compost unit scheme laabh nahi mila registered farmer,Agriculture & Forestry,40
5522,1598,Cable TV operator license objection nahi suni gayi,Licensing & Regulatory Services,25
5214,1991,"illegal construction ho rahi hai, nagar palika action nahi",Urban Administration,3
5336,1999,Exam fee submitted but admit card not issued in time,Education Department,9
5780,1896,Warehouse receipt scheme nahi chal raha local area mein,Agriculture & Forestry,42
5613,1967,Maintenance case hearing postponed 5 times consecutively,Judicial & Legal Services,39
5563,1292,Printing press license renewal delayed by 4 months,Licensing & Regulatory Services,35
5738,1086,Mushroom cultivation training nahi hua in tribal area,Agriculture & Forestry,12
5306,1470,Principal ne private tuition force kiya students ko,Education Department,3
5135,1350,Toilet construction stopped midway under ODF scheme,Panchayat Department,24
5777,1885,Pashu doctor kabhi bhi available nahi hota hamara area,Agriculture & Forestry,45
5248,1289,"Cable wire hanging low near market, dangerous for traffic",Urban Administration,8
5144,1948,panchayat samiti ke baithak mein minority nahi hoti,Panchayat Department,17
5714,1119,Forest rights patta nahi mila tribal adivasi ko,Agriculture & Forestry,15
5756,1262,Beej vitran mein biij ki quality bahut kharab thi,Agriculture & Forestry,37
5835,1849,Flood relief camp mein hi pandemic breakout ho gaya,Public Health & Relief,35
5444,1239,Scholarship for ST girl stopped mid-year without notice,Social Welfare Department,15
5625,1515,Arbitration tribunal ne date nahi di 2 mahine mein,Judicial & Legal Services,18
5801,1721,Primary health center closed during emergency situation,Public Health & Relief,27
5324,1416,Beti Bachao yojana event nahi hua in our school at all,Education Department,29
5275,1856,Road marking and signage absent at busy intersection,Urban Administration,36
5347,1525,koi bhi teacher NCC activities nahi karvata school mein,Education Department,29
5315,1769,"Library books not available in school, only empty racks",Education Department,44
5514,1469,pollution control board certificate nahi mila factory ko,Licensing & Regulatory Services,17
5164,1992,PM Awas yojana list mein naam hote hue bhi ghar nahi mila,Panchayat Department,36
5890,1609,Ayushman bharosa yojana rejection without valid ground,Public Health & Relief,43
5490,1039,Maternity benefit under PMMVY nahi mila dusri baar bhi,Social Welfare Department,17
5542,1577,Medical store license inspection not done in 2 months,Licensing & Regulatory Services,25
5422,1154,Women self help group loan nahi mila 6 mahine se pending,Social Welfare Department,37
5869,1538,Disability relief support not given to earthquake victim,Public Health & Relief,43
5344,1500,mujhe right school nahi mila despite Padhna Likhna Scheme,Education Department,36
5399,1751,Parent complaint about corporal punishment in school,Education Department,27
5062,1146,Land encroachment complaint filed but no action taken yet,Revenue Department,36
5592,1508,Medical store license inspection not done in 2 months,Licensing & Regulatory Services,9
5161,1156,street light kharab hai 1 mahine se koi nahi aaya,Panchayat Department,34
5700,1012,Labour court judgment execution not done in time,Judicial & Legal Services,9
5230,1433,"Dustbins overflow, garbage spread on street daily",Urban Administration,20
5021,1978,Revenue department ignored my written complaint about boundary,Revenue Department,15
5603,1985,Bail application pending in lower court for 6 weeks,Judicial & Legal Services,39
5582,1644,Inspection officer ne bribe maanga license ke liye,Licensing & Regulatory Services,15
5660,1298,Revenue court judgment copy nahi mili fee dene ke baad,Judicial & Legal Services,27
5795,1441,Agricultural pump electricity subsidy stopped suddenly,Agriculture & Forestry,38
5150,1648,naye born child ka panchayat registration nahi ho raha,Panchayat Department,23
5427,1144,"Old widow has no family, not receiving any government help",Social Welfare Department,17
5383,1773,Class 9 science teacher not available since October,Education Department,12
5401,1089,vridha pension band ho gayi pichle 3 mahine se,Social Welfare Department,30
5382,1342,Disabled student ko wheelchair accessible classroom nahi,Education Department,11
5377,1278,Poor quality notebooks distributed under free scheme,Education Department,34
5190,1644,Solar street lights not working in ward 3 since 2 weeks,Panchayat Department,19
5168,1708,"Water pipeline broken near ward 5, no repair done yet",Panchayat Department,9
5114,1106,PM Awas yojana list mein naam hote hue bhi ghar nahi mila,Panchayat Department,10
5439,1671,Welfare department ki website access nahi ho rahi baar baar,Social Welfare Department,16
5788,1595,Mushroom cultivation training nahi hua in tribal area,Agriculture & Forestry,11
5189,1836,Village common land encroached by local influential person,Panchayat Department,36
5068,1761,Income certificate application rejected without proper reason,Revenue Department,20
5418,1199,Transgender welfare scheme amount nahi aaya 4 mahine se,Social Welfare Department,11
5231,1932,Road repair in rainy season done with poor quality material,Urban Administration,35
5207,1142,"Colony ki road poori tarah toot gayi hai, repair nahi",Urban Administration,8
5800,1903,MIDH scheme greenhouse subsidy application pending months,Agriculture & Forestry,40
5432,1037,Scheme for acid attack survivors not implemented here,Social Welfare Department,17
5882,1397,Snakebite antivenom not available at nearest hospital,Public Health & Relief,11
5564,1463,pollution control board certificate nahi mila factory ko,Licensing & Regulatory Services,20
5699,1198,Environmental tribunal complaint ignored completely,Judicial & Legal Services,36
5206,1338,Municipal tax receipt not given after payment at counter,Urban Administration,21
5576,1766,Vehicle transport permit renewal delayed by 2 months,Licensing & Regulatory Services,31
5277,1983,Nagar Palika ne water bill bheja but supply koi nahi,Urban Administration,5
5533,1248,Motor garage registration pending at municipal office,Licensing & Regulatory Services,31
5435,1845,Juvenile justice board ne case 4 mahine mein nahi dekha,Social Welfare Department,6
5215,1115,Street light complaint lodged 5 times but no response,Urban Administration,29
5357,1689,Result correction request pending for 3 months at board,Education Department,30
5634,1765,Fast track court hearing postponed due to judge absence,Judicial & Legal Services,23
5351,1038,scholarship amount abhi tak nahi mila 4 mahine ho gaye,Education Department,34
5052,1301,meri zameen ka patta abhi tak nahi bana hai,Revenue Department,21
5667,1471,Vakil ne paisa le liya lekin court nahi gaya puri taraf,Judicial & Legal Services,30
5771,1121,Cattle insurance claim pending 4 mahine se,Agriculture & Forestry,38
5327,1441,Poor quality notebooks distributed under free scheme,Education Department,26
5128,1881,soak pit construction incomplete under swachh bharat mission,Panchayat Department,15
5553,1017,Arms license renewal rejected bina kisi reason ke bataye,Licensing & Regulatory Services,45
5726,1505,Rubber plantation scheme laabh nahi mila tribal community,Agriculture & Forestry,7
5608,1553,District legal aid officer office mein hamesha absent,Judicial & Legal Services,31
5276,1887,water supply timing changed bina public notice ke,Urban Administration,32
5499,1609,Caretaker at old age home behaving rudely with residents,Social Welfare Department,35
5782,1949,Fishery department ne naav ke liye subsidy deny kar diya,Agriculture & Forestry,17
5334,1413,Free bicycle yojana ka cycle nahi mila abhi tak mujhe,Education Department,45
5179,1199,"Tree fell on village road, panchayat not clearing it",Panchayat Department,19
5263,1588,"pani ki line fati hui hai, road ke neeche se roz roz",Urban Administration,38
5109,1493,Gram Sabha mein hue nirnay implement nahi ho rahe,Panchayat Department,28
5853,1636,Ambulance service call pe response nahi aaya,Public Health & Relief,25
5246,1895,pothole on main road causing accidents since 3 weeks,Urban Administration,39
5194,1035,panchayat samiti ke baithak mein minority nahi hoti,Panchayat Department,3
5257,1219,"Colony ki road poori tarah toot gayi hai, repair nahi",Urban Administration,33
5394,1229,mujhe right school nahi mila despite Padhna Likhna Scheme,Education Department,18
5671,1437,Summons not served to defendant despite court order,Judicial & Legal Services,8
5470,1746,Poshan tracker app pe mera data update nahi ho raha,Social Welfare Department,12
5893,1048,Malnutrition ward at district hospital understaffed badly,Public Health & Relief,10
5844,1937,Rogi kalyan samiti meeting nahi hui 6 mahine se,Public Health & Relief,25
5033,1252,Farmer certificate reject kar diya bina proper explanation ke,Revenue Department,11
5583,1681,Motor garage registration pending at municipal office,Licensing & Regulatory Services,33
5457,1225,BPL survey mein hamara naam galti se hata diya gaya,Social Welfare Department,31
5209,1863,"parking problem near hospital, koi solution nahi mila",Urban Administration,25
5501,1845,Trade license renewal pending at counter for 6 weeks,Licensing & Regulatory Services,29
5301,1994,scholarship amount abhi tak nahi mila 4 mahine ho gaye,Education Department,14
5545,1446,Vehicle dealer license renewal taking 3 months to process,Licensing & Regulatory Services,45
5003,1847,Property tax demand notice galat amount pe aaya hai,Revenue Department,34
5857,1869,Blood bank mein blood nahi tha emergency mein,Public Health & Relief,15
5358,1504,College admission denied despite qualifying marks obtained,Education Department,22
5502,1988,Food stall ka FSSAI license nahi mila 4 mahine ho gaye,Licensing & Regulatory Services,25
5354,1241,"Textbooks distributed late, students suffered 2 months",Education Department,20
5239,1129,nagarpalika ne ghar ghar suction nahi kiya mahino se,Urban Administration,42
5342,1458,School canteen se basi khana de rahe hain bachon ko,Education Department,5
5360,1886,Transfer certificate nahi mil raha school se,Education Department,29
5520,1439,Seed dealer license renewal rejected without proper cause,Licensing & Regulatory Services,18
5060,1861,"Tehsildar office ne document leke rakh liya, wapas nahi diya",Revenue Department,39
5366,1690,"Merit list wrong hai, mera naam nahi aaya sahi score pe",Education Department,20
5723,1449,Krishi vigyan kendra ne training session cancel kar diya,Agriculture & Forestry,8
5474,1811,Disability pension amount reduced without intimation given,Social Welfare Department,17
5597,1111,Meat shop license renewal stuck in red tape for months,Licensing & Regulatory Services,3
5352,1820,"School mein teacher nahi aate, 3 posts khali hain",Education Department,5
5101,1237,gram panchayat mein sarpanch funds ka misuse kar raha hai,Panchayat Department,34
5807,1353,Blood bank mein blood nahi tha emergency mein,Public Health & Relief,13
5832,1031,Snakebite antivenom not available at nearest hospital,Public Health & Relief,28
5616,1448,"Case documents lost by court staff, no acknowledgment",Judicial & Legal Services,25
5430,1769,NGO ki fake scheme chalai ja rahi hai social welfare ke naam pe,Social Welfare Department,40
5241,1672,Footpath under bridge occupied by illegal shops,Urban Administration,24
5590,1687,Cold storage license renewal pending at FCI office,Licensing & Regulatory Services,4
5529,1391,DG set installation NOC not given despite application,Licensing & Regulatory Services,13
5082,1931,Revenue case No. 47 sunwai date miss ho gayi bina notice ke,Revenue Department,16
5589,1806,Private security agency license renewal delayed months,Licensing & Regulatory Services,42
5751,1959,Crop damage compensation abhi tak nahi mila 5 mahine se,Agriculture & Forestry,33
5410,1205,Orphan child support scheme nahi mili family ko,Social Welfare Department,33
5436,1008,Welfare hostel mein paani aur bijli ki kami hai,Social Welfare Department,37
5261,1881,Street encroachment by vendors not being managed by UMC,Urban Administration,28
5703,1877,Fertilizer not available at cooperative society this season,Agriculture & Forestry,21
5623,1608,Land acquisition compensation dispute case very slow,Judicial & Legal Services,36
5896,1860,Free medicine scheme se galat generic brand diya gaya,Public Health & Relief,34
5690,1135,Legal notice sent but no reply from opposite party,Judicial & Legal Services,37
5157,1872,panchayat secretary ne attendance register bhara nahi,Panchayat Department,8
5385,1448,Merit scholarship list mein favored students ke naam,Education Department,14
5843,1653,Malnutrition ward at district hospital understaffed badly,Public Health & Relief,37
5577,1213,Pharma store license inspection pending since 3 months,Licensing & Regulatory Services,12
5879,1981,Eye camp cancelled last minute without informing patients,Public Health & Relief,27
5425,1164,Nutritious food kit not delivered to malnourished child,Social Welfare Department,36
5024,1881,"agricultural land conversion fee deposited, no receipt given",Revenue Department,16
5480,1645,NGO ki fake scheme chalai ja rahi hai social welfare ke naam pe,Social Welfare Department,31
5343,1831,Annual sports event cancelled without any reason stated,Education Department,18
5888,1277,Water purification tablet kit nahi diya flood area mein,Public Health & Relief,28
5694,1528,Complaint about corrupt judicial process not registered,Judicial & Legal Services,23
5481,1203,Mental health patient ko proper housing nahi mila welfare se,Social Welfare Department,44
5617,1941,Vakil ne paisa le liya lekin court nahi gaya puri taraf,Judicial & Legal Services,8
5199,1591,Sarpanch ignoring complaints about illegal construction,Panchayat Department,24
5899,1046,"Cardiac patient ke liye referral delay hua, patient serious",Public Health & Relief,13
5417,1615,Sanitation worker corona relief amount nahi mili abhi tak,Social Welfare Department,16
5326,1152,District education officer ne complaint acknowledge nahi ki,Education Department,37
5433,1830,meri maa ka pension application 8 mahine se pending hai,Social Welfare Department,17
5646,1367,"mujhe district judge se milna tha, appointment nahi mili",Judicial & Legal Services,19
5631,1634,Domestic violence protection order not enforced by police,Judicial & Legal Services,16
5196,1177,Labour card renewal request pending for over 2 months,Panchayat Department,34
5014,1983,Mutation entry gaon ke bahar wali zameen pe galat ho gayi,Revenue Department,44
5806,1368,Malaria spray nahi kiya hamara area mein is monsoon,Public Health & Relief,4
5367,1832,PTM ek baar bhi nahi ki school ne pichle saal mein,Education Department,24
5247,1309,Ward level meeting not conducted in over 6 months,Urban Administration,38
5176,1333,Electricity connection to panchayat office disconnected,Panchayat Department,43
5677,1716,Copies of judgment not available from office counter,Judicial & Legal Services,23
5293,1469,"Drains blocked before monsoon arrival, no prior cleaning",Urban Administration,26
5871,1481,Relief fund cheque bounced after flood disaster,Public Health & Relief,21
5322,1062,"Girls toilet in school locked, key with principal only",Education Department,42
5160,1659,nali ka nirman ghatiya material se kiya gaya hai gaon mein,Panchayat Department,11
5467,1303,Sanitation worker corona relief amount nahi mili abhi tak,Social Welfare Department,26
5379,1359,"School has no electricity, students sit in dark classes",Education Department,3
5805,1050,Aayushman card se treatment deny kar diya hospital ne,Public Health & Relief,21
5355,1517,"School building mein toilet nahi hai, girls affected",Education Department,20
5197,1951,"Gram panchayat ka noticeboard blank, koi suchna nahi",Panchayat Department,39
5050,1346,zameen registration ke time extra charge liya gaya hai mujhse,Revenue Department,37
5609,1787,My motor accident claim case not heard for 3 hearings,Judicial & Legal Services,38
5704,1831,Crop insurance claim rejected without proper explanation,Agriculture & Forestry,25
5002,1354,meri zameen ka patta abhi tak nahi bana hai,Revenue Department,6
5045,1431,patta milne ke baad bhi record update nahi hua gaon mein,Revenue Department,15
5725,1815,"Paani ke liye nalkoop on private land, subsidy nahi mili",Agriculture & Forestry,45
5618,1567,Family court ne notice nahi bheja dusri party ko,Judicial & Legal Services,15
5551,1055,Trade license renewal pending at counter for 6 weeks,Licensing & Regulatory Services,12
5482,1993,Scheme for acid attack survivors not implemented here,Social Welfare Department,41
5521,1146,Water tanker operator permit not given in time by RTO,Licensing & Regulatory Services,38
5687,1534,Electronic case filing portal not accessible regularly,Judicial & Legal Services,41
5872,1689,"Lab report mein galti hai, wrong diagnosis ho gaya",Public Health & Relief,27
5434,1735,Child labor complaint made but no action taken by dept,Social Welfare Department,33
5129,1899,"Tree fell on village road, panchayat not clearing it",Panchayat Department,27
5711,1613,Crop survey nahi hua for flood damaged field area,Agriculture & Forestry,21
5431,1213,Mental health patient ko proper housing nahi mila welfare se,Social Welfare Department,9
5692,1411,Session court ne stay order nahi diya urgency mein,Judicial & Legal Services,3
5145,1512,"Nalaa cleaning not done before monsoon, flooding expected",Panchayat Department,31
5591,1614,Waste dealer permit not issued on time by municipality,Licensing & Regulatory Services,15
5880,1087,Dental treatment not available at primary health center,Public Health & Relief,10
5661,1438,Lok adalat settlement nahi hua despite both parties there,Judicial & Legal Services,3
5466,1643,SC family ke bacho ko free coaching nahi mili is saal,Social Welfare Department,27
5579,1312,DG set installation NOC not given despite application,Licensing & Regulatory Services,31
5600,1835,Slaughter license renewal application missing from records,Licensing & Regulatory Services,18
5313,1954,School water tank not cleaned since past 6 months,Education Department,9
5115,1768,Drain blocked near school compound for over 3 weeks now,Panchayat Department,20
5573,1562,School registration certificate renewal delayed 6 months,Licensing & Regulatory Services,36
5039,1536,tahsil ne mujhe galat counter pe bhej diya baar baar,Revenue Department,3
5456,1276,Senior citizen ID card nahi mila apply karne ke baad,Social Welfare Department,32
5017,1996,domicile certificate ke liye pareshaan ho raha hoon weeks se,Revenue Department,45
5624,1945,District court cause list pe mera case naam gum hua,Judicial & Legal Services,37
5187,1877,kachha paani pee rahe hain kyunki hand pump kharab hai,Panchayat Department,4
5059,1615,My land survey dispute unresolved for 3 months,Revenue Department,3
5831,1580,TB patient medication supply irregular at local PHC,Public Health & Relief,25
5778,1728,"Cold storage facility closed, farmers suffering losses",Agriculture & Forestry,44
5863,1900,COVID relief fund beneficiary list galat hai,Public Health & Relief,41
5648,1610,Court registry counter closes early without any notice,Judicial & Legal Services,24
5311,1349,School mein sirf ek teacher hai 300 bachche padh rahe hain,Education Department,18
5794,1350,Poultry scheme under SC welfare not implemented here,Agriculture & Forestry,41
5103,1134,"Panchayat building closed, no government work being done",Panchayat Department,5
5790,1807,Mango orchard scheme benefits not given to small farmers,Agriculture & Forestry,12
5067,1564,domicile certificate ke liye pareshaan ho raha hoon weeks se,Revenue Department,24
5252,1869,"naali ka paani road pe aa raha hai, bhrashtachar hai",Urban Administration,18
5486,1270,Welfare hostel mein paani aur bijli ki kami hai,Social Welfare Department,11
5092,1422,revenue map mein error hai jo correct nahi ho rahi,Revenue Department,19
5850,1147,"Well-water found contaminated, no action taken by health dept",Public Health & Relief,45
5847,1265,PHC mein delivery ke time koi doctor nahi tha,Public Health & Relief,12
5505,1698,Vehicle fitness certificate not issued on time by RTO,Licensing & Regulatory Services,4
5891,1805,"Sub-center building damaged, not repaired in 3 months",Public Health & Relief,29
5547,1204,Meat shop license renewal stuck in red tape for months,Licensing & Regulatory Services,7
5653,1843,Bail application pending in lower court for 6 weeks,Judicial & Legal Services,18
5113,1005,"panchayat bhavan ki chhat toot rahi hai, repair nahi hui",Panchayat Department,35
5178,1809,soak pit construction incomplete under swachh bharat mission,Panchayat Department,40
5300,1784,"water meter defective, wrong bill aayi lagaataar",Urban Administration,24
5588,1442,Industrial unit registration takes too long at CGSIDC,Licensing & Regulatory Services,6
5305,1573,"School building mein toilet nahi hai, girls affected",Education Department,34
5668,1753,Family court ne notice nahi bheja dusri party ko,Judicial & Legal Services,40
5630,1521,Mediation mein doosri party ne agreement nahi maana,Judicial & Legal Services,23
5555,1963,Vehicle fitness certificate not issued on time by RTO,Licensing & Regulatory Services,16
5489,1823,Welfare department ki website access nahi ho rahi baar baar,Social Welfare Department,39
5398,1795,Supplementary exam fee paid but form rejected wrongly,Education Department,5
5429,1191,Baal seva sanstha mein staff bade kum hain capacity se,Social Welfare Department,24
5037,1505,Collector office ne koi reply nahi diya meri appeal pe,Revenue Department,9
5820,1860,Medical officer ne clinic mein private fee maangi,Public Health & Relief,5
5465,1017,"Destitute women shelter overcrowded, basic needs lacking",Social Welfare Department,44
5404,1153,Anganwadi worker not coming to post since 2 weeks,Social Welfare Department,20
5867,1961,Flood relief camp mein kapde aur khana nahi mila,Public Health & Relief,21
5108,1589,Borewell repair request ignored by panchayat for 2 months,Panchayat Department,31
5291,1247,Footpath under bridge occupied by illegal shops,Urban Administration,6
5188,1247,panchayat ne complaint ka koi record hi nahi rakha,Panchayat Department,20
5250,1178,"water meter defective, wrong bill aayi lagaataar",Urban Administration,43
5244,1756,Zone office is never open on Saturdays as it should be,Urban Administration,18
5253,1321,Stray dogs menace in sector 4 not being handled by ULB,Urban Administration,25
5636,1246,PWD dispute arbitration delayed for 4 months now,Judicial & Legal Services,5
5640,1288,Legal notice sent but no reply from opposite party,Judicial & Legal Services,28
5237,1477,Encroachment on municipal land by private builder ongoing,Urban Administration,38
5205,1439,"Ward office band rehti hai, koi officer present nahi",Urban Administration,39
5251,1723,Garbage collection stopped in ward 12 for over 2 weeks,Urban Administration,43
5091,1712,mujhe apni zameen ki certified copy nahi mil rahi hai,Revenue Department,18
5255,1807,"Ward office band rehti hai, koi officer present nahi",Urban Administration,37
5585,1629,Brick kiln license application pending for 90 days,Licensing & Regulatory Services,26
5173,1377,"samudayik bhavan ka taala band hai, kisi ko access nahi",Panchayat Department,45
5804,1881,Hospital mein medicine stock khatam hai 1 week se,Public Health & Relief,38
5454,1913,Anganwadi worker not coming to post since 2 weeks,Social Welfare Department,38
5873,1912,Emergency ward mein nurse ne sahi treatment nahi ki,Public Health & Relief,36
5683,1925,"mera civil suit 10 saal se pending hai, no update",Judicial & Legal Services,43
5391,1354,Child mein ek baar bhi vaccination nahi aayi school mein,Education Department,13
5107,1912,panchayat secretary ne attendance register bhara nahi,Panchayat Department,13
5054,1711,revenue court mein case 2 saal se pending hai,Revenue Department,36
5102,1786,MGNREGA payment nahi mila 3 mahine ho gaye hai,Panchayat Department,8
5607,1706,Consumer complaint forum mein case 8 mahine se stale,Judicial & Legal Services,17
5440,1258,Maternity benefit under PMMVY nahi mila dusri baar bhi,Social Welfare Department,5
5816,1965,Community health worker absent from duty regularly,Public Health & Relief,38
5830,1270,Dental treatment not available at primary health center,Public Health & Relief,20
5895,1388,Maternity benefit scheme payment not credited to account,Public Health & Relief,13
5518,1849,"mera rickshaw chalane ka permit expire ho gaya, renewal nahi",Licensing & Regulatory Services,39
5086,1862,Objection on land auction not heard properly at tehsil,Revenue Department,43
5685,1807,Child custody order not implemented by responding parent,Judicial & Legal Services,22
5652,1399,Lok adalat date cancel hua bina kisi notification ke,Judicial & Legal Services,5
5578,1424,Commercial building occupancy certificate not issued timely,Licensing & Regulatory Services,22
5868,1508,PHC ke bahar chhote bachche ka ilaj nahi hua properly,Public Health & Relief,11
5688,1227,Motor accident tribunal order execution pending months,Judicial & Legal Services,16
5811,1812,"Sanitation worker infected disease, no support given",Public Health & Relief,30
5283,1124,Hawker zone encroaching footpath making it unusable,Urban Administration,10
5420,1237,Poshan tracker app pe mera data update nahi ho raha,Social Welfare Department,16
5378,1489,Scholarship mein OBC category me galat percentage cut,Education Department,39
5539,1939,Private security agency license renewal delayed months,Licensing & Regulatory Services,41
5701,1897,Crop damage compensation abhi tak nahi mila 5 mahine se,Agriculture & Forestry,4
5496,1083,Bal vivah complaint registered but marriage happened anyway,Social Welfare Department,26
5174,1805,nali nirman mein sirf dalit wadi mein kaam nahi hua,Panchayat Department,6
5810,1863,District hospital mein X-ray machine kharab hai 2 weeks,Public Health & Relief,16
5602,1429,Lok adalat date cancel hua bina kisi notification ke,Judicial & Legal Services,30
5822,1719,"Lab report mein galti hai, wrong diagnosis ho gaya",Public Health & Relief,7
5043,1281,"landlord ne illegal occupation ki complaint ki, action nahi",Revenue Department,44
5797,1718,Horticulture subsidy form portal error for 2 weeks,Agriculture & Forestry,41
5575,1738,Fertilizer dealer license inspection not done on time,Licensing & Regulatory Services,4
5681,1729,Domestic violence protection order not enforced by police,Judicial & Legal Services,7
5739,1986,Kisan helpline se koi call back nahi aaya after complaint,Agriculture & Forestry,40
5851,1634,Primary health center closed during emergency situation,Public Health & Relief,45
5405,1477,Ration card abhi tak nahi bana hai 1 saal ho gaya,Social Welfare Department,28
5116,1260,"gaon mein paved road nahi hai, kacha raasta hai sirf",Panchayat Department,8
5633,1405,"mera civil suit 10 saal se pending hai, no update",Judicial & Legal Services,13
5364,1873,Attendance register not maintained properly in govt school,Education Department,33
5287,1264,Encroachment on municipal land by private builder ongoing,Urban Administration,19
5637,1524,Electronic case filing portal not accessible regularly,Judicial & Legal Services,39
5010,1775,"Tehsildar office ne document leke rakh liya, wapas nahi diya",Revenue Department,16
5363,1356,School water tank not cleaned since past 6 months,Education Department,6
5770,1173,Dhan ka khareed nahi hua is saal MSP pe,Agriculture & Forestry,10
5243,1975,"Drains blocked before monsoon arrival, no prior cleaning",Urban Administration,7
5697,1172,Compensation case lapsed as no hearing held for months,Judicial & Legal Services,40
5886,1316,Polio drive nahi aayi is ward mein is baar,Public Health & Relief,41
5286,1956,"Municipal school building in bad condition, roof leaking",Urban Administration,28
5240,1291,"Death certificate applied 3 weeks ago, not received yet",Urban Administration,43
5746,1044,Goshala scheme funding not received by registered body,Agriculture & Forestry,39
5384,1063,Free bicycle yojana ka cycle nahi mila abhi tak mujhe,Education Department,14
5200,1898,naye born child ka panchayat registration nahi ho raha,Panchayat Department,10
5447,1551,Social audit of welfare scheme not conducted in 1 year,Social Welfare Department,35
5574,1442,Small factory license application ignored for months,Licensing & Regulatory Services,28
5061,1505,khatauni correction application rejected bina reason bataye,Revenue Department,14
5093,1450,"landlord ne illegal occupation ki complaint ki, action nahi",Revenue Department,26
5599,1770,Construction firm registration at PWD not done timely,Licensing & Regulatory Services,34
5079,1797,Land record portal shows wrong owner name in my village,Revenue Department,18
5051,1797,"land mutation request pending for 6 months, no response from office",Revenue Department,34
5180,1031,social audit board meeting postponed 4 times without reason,Panchayat Department,41
5222,1714,"Old footpath tiles damaged, tripping hazard for elderly",Urban Administration,23
5409,1726,Mukhyamantri suposhan abhiyan ka laabh nahi mila,Social Welfare Department,38
5441,1210,Anganwadi mein supplement poshan band ho gaya achanak,Social Welfare Department,31
5541,1206,Waste dealer permit not issued on time by municipality,Licensing & Regulatory Services,38
5337,1787,"Faulty computer lab, no internet for 6 months in school",Education Department,3
5500,1384,"welfare camp in our village was fake, no real help given",Social Welfare Department,40
5864,1826,Free dialysis scheme mein naam hote hue bhi denied,Public Health & Relief,25
5584,1527,Timber depot license renewal not processed in time,Licensing & Regulatory Services,25
5813,1126,COVID relief fund beneficiary list galat hai,Public Health & Relief,28
5572,1011,Cable TV operator license objection nahi suni gayi,Licensing & Regulatory Services,22
5570,1595,Seed dealer license renewal rejected without proper cause,Licensing & Regulatory Services,10
5142,1389,kacchi basti mein bijli ka pole nahi lagaya abhi tak,Panchayat Department,35
5373,1092,Private school illegally charging fee above government cap,Education Department,41
5416,1410,SC family ke bacho ko free coaching nahi mili is saal,Social Welfare Department,29
5267,1425,Mosquito fogging not done in colony since 2 months,Urban Administration,23
5175,1965,panchayat auditor ne certificate nahi diya abhi tak,Panchayat Department,40
5672,1191,meri bail plea judge sahab se nahi suni gayi baar baar,Judicial & Legal Services,14
5898,1842,Rural ambulance driver ne raat ko call attend nahi ki,Public Health & Relief,21
5469,1315,Old age home application rejected with no explanation,Social Welfare Department,22
5728,1550,"Cold storage facility closed, farmers suffering losses",Agriculture & Forestry,3
5834,1697,Dialysis machine at district hospital broken for weeks,Public Health & Relief,24
5104,1410,"gaon mein pani ki problem hai, panchayat kuch nahi karti",Panchayat Department,17
5094,1532,My registered sale deed not reflecting in records portal,Revenue Department,22
5049,1819,Survey correction request rejected without valid reason given,Revenue Department,28
5598,1293,Event management firm registration pending for 60 days,Licensing & Regulatory Services,25
5507,1012,Liquor license objection hearing date not given by dept,Licensing & Regulatory Services,28
5645,1306,DRT recovery notice issued without hearing both sides,Judicial & Legal Services,17
5280,1285,"Dustbins overflow, garbage spread on street daily",Urban Administration,7
5034,1785,Bhulekh site pe mera data update nahi hua 3 mahine se,Revenue Department,18
5702,1071,Kisan credit card application pending for 3 months,Agriculture & Forestry,14
5411,1779,Women helpline 181 se koi callback nahi aaya complaint ke baad,Social Welfare Department,43
5548,1482,Event management firm registration pending for 60 days,Licensing & Regulatory Services,6
5038,1761,mutation process complete nahi hua even after 90 days,Revenue Department,23
5171,1400,Anganwadi closed for 3 weeks in our village without reason,Panchayat Department,36
5442,1012,Complaint register at social welfare office never updated,Social Welfare Department,20
5675,1745,Arbitration tribunal ne date nahi di 2 mahine mein,Judicial & Legal Services,39
5691,1426,Lok Adalat award nahi mila hone ke 2 mahine baad,Judicial & Legal Services,45
5012,1027,Land encroachment complaint filed but no action taken yet,Revenue Department,15
5203,1262,Stray dogs menace in sector 4 not being handled by ULB,Urban Administration,21
5674,1046,District court cause list pe mera case naam gum hua,Judicial & Legal Services,18
5678,1360,Legal aid clinic closed without notice in village area,Judicial & Legal Services,38
5531,1334,mera dukan ka trade license cancel ho gaya bina notice,Licensing & Regulatory Services,25
5437,1710,Social security allowance not revised despite inflation,Social Welfare Department,40
5137,1277,kachha paani pee rahe hain kyunki hand pump kharab hai,Panchayat Department,27
5451,1785,vridha pension band ho gayi pichle 3 mahine se,Social Welfare Department,8
5268,1388,Nala cleaning schedule not followed this monsoon season,Urban Administration,20
5665,1413,Electronic court fee challan not accepted at window,Judicial & Legal Services,19
5626,1456,Witness protection not provided in sensitive murder case,Judicial & Legal Services,20
5426,1237,"Ration mein ghaseela chawal aaya, bada problem hua",Social Welfare Department,32
5516,1428,Nursery license application pending at horticulture dept,Licensing & Regulatory Services,33
5218,1210,Nala cleaning schedule not followed this monsoon season,Urban Administration,20
5710,1828,Agriculture loan nahi mila bank ne refuse kar diya,Agriculture & Forestry,8
5596,1654,mera business registration portal pe error aa raha hai,Licensing & Regulatory Services,38
5186,1823,Gram Panchayat not issuing residence certificate promptly,Panchayat Department,19
5124,1552,nali nirman mein sirf dalit wadi mein kaam nahi hua,Panchayat Department,27
5159,1979,Gram Sabha mein hue nirnay implement nahi ho rahe,Panchayat Department,29
5166,1483,"gaon mein paved road nahi hai, kacha raasta hai sirf",Panchayat Department,20
5143,1772,"Road tar melting and damaging in summer, no action taken",Panchayat Department,19
5387,1232,"Faulty computer lab, no internet for 6 months in school",Education Department,6
5461,1771,Women helpline 181 se koi callback nahi aaya complaint ke baad,Social Welfare Department,10
5659,1430,My motor accident claim case not heard for 3 hearings,Judicial & Legal Services,42
5013,1679,revenue inspector ne site visit nahi ki abhi tak,Revenue Department,34
5412,1589,Domestic violence complaint filed but no FIR registered,Social Welfare Department,40
5362,1631,Sports equipment not provided despite government order,Education Department,29
5421,1265,"Anganwadi mein baccha nahi aata, koi pressure nahi hai",Social Welfare Department,11
5395,1011,Special needs teacher vacancy empty for 2 years,Education Department,42
5413,1026,IGNOAPS pension not received for last 3 consecutive months,Social Welfare Department,6
5227,1729,Nagar Palika ne water bill bheja but supply koi nahi,Urban Administration,16
5019,1324,Inheritance mutation still pending after submitting all papers,Revenue Department,31
5693,1103,Maintenance case order nahi mila 6 mahine ke baad bhi,Judicial & Legal Services,17
5829,1578,Eye camp cancelled last minute without informing patients,Public Health & Relief,23
5825,1263,Ambulance ka petrol khatam tha emergency mein hospital,Public Health & Relief,5
5614,1031,POSCO case victim ko legal aid nahi mili promptly,Judicial & Legal Services,45
5483,1439,meri maa ka pension application 8 mahine se pending hai,Social Welfare Department,36
5471,1099,"Anganwadi mein baccha nahi aata, koi pressure nahi hai",Social Welfare Department,26
5318,1564,Scholarship portal pe login nahi ho raha kabhi kabhi,Education Department,13
5762,1739,Drip irrigation subsidy amount credited to wrong account,Agriculture & Forestry,5
5773,1852,Krishi vigyan kendra ne training session cancel kar diya,Agriculture & Forestry,44
5224,1240,Bhawan anumati ke baad occupancy certificate nahi mila,Urban Administration,23
5538,1630,Industrial unit registration takes too long at CGSIDC,Licensing & Regulatory Services,24
5643,1170,Maintenance case order nahi mila 6 mahine ke baad bhi,Judicial & Legal Services,19
5769,1503,Sprinkler subsidy form reject hua bina valid reason ke,Agriculture & Forestry,8
5897,1764,PHC mein delivery ke time koi doctor nahi tha,Public Health & Relief,34
5627,1252,Copies of judgment not available from office counter,Judicial & Legal Services,19
5297,1218,Ward level meeting not conducted in over 6 months,Urban Administration,45
5015,1516,ek hi khasra number do logon ko diya gaya hai district mein,Revenue Department,7
5450,1409,"welfare camp in our village was fake, no real help given",Social Welfare Department,43
5042,1888,revenue map mein error hai jo correct nahi ho rahi,Revenue Department,7
5722,1422,PMFBY mein mera name hi register nahi hua properly,Agriculture & Forestry,37
5271,1099,"Open drain near children's park is dangerous, no cover",Urban Administration,8
5730,1625,Warehouse receipt scheme nahi chal raha local area mein,Agriculture & Forestry,12
5235,1055,Sewer line damaged causing bad smell in whole block,Urban Administration,8
5733,1770,Animal feed distribution stopped under MGNREGA scheme,Agriculture & Forestry,38
5172,1238,"Borewell motor damaged, villagers fetching water from far",Panchayat Department,37
5165,1386,Drain blocked near school compound for over 3 weeks now,Panchayat Department,40
5121,1720,Anganwadi closed for 3 weeks in our village without reason,Panchayat Department,27
5220,1594,Ward councillor not responding to residents' complaints,Urban Administration,45
5216,1991,Door-to-door garbage collection stopped in my ward,Urban Administration,7
5828,1280,Family planning surgery ke baad follow-up nahi mila,Public Health & Relief,30
5839,1269,Jan Arogya Mitra scheme laabh nahi mila registered family,Public Health & Relief,24
5503,1818,Arms license renewal rejected bina kisi reason ke bataye,Licensing & Regulatory Services,26
5749,1054,Soya crop insurance not settled despite all documents,Agriculture & Forestry,16
5885,1009,Flood relief camp mein hi pandemic breakout ho gaya,Public Health & Relief,15
5225,1691,Road marking and signage absent at busy intersection,Urban Administration,10
5448,1216,mujhe NSAP pension list se bina reason hataya gaya,Social Welfare Department,37
5468,1865,Transgender welfare scheme amount nahi aaya 4 mahine se,Social Welfare Department,25
5758,1410,Irrigation canal se pani band ho gaya kheti ke season mein,Agriculture & Forestry,9
5262,1675,Footpath blocked by construction debris for weeks,Urban Administration,34
5512,1786,Hotel license application documents demanded repeatedly,Licensing & Regulatory Services,5
5158,1095,Borewell repair request ignored by panchayat for 2 months,Panchayat Department,41
5587,1094,Tour operator license application process very slow,Licensing & Regulatory Services,33
5376,1458,District education officer ne complaint acknowledge nahi ki,Education Department,40
5119,1116,sarpanch ne election ke baad ek baar bhi meeting nahi ki,Panchayat Department,22
5134,1802,"Overhead tank leaking, half water wasted daily",Panchayat Department,24
5055,1566,"khasra number correction ke liye apply kiya tha, koi jawab nahi",Revenue Department,15
5414,1738,Welfare officer ka number hi band rehta hai hamesha,Social Welfare Department,25
5808,1092,Health worker ne vaccination camp nahi kiya as scheduled,Public Health & Relief,7
5488,1219,NMMS scholarship nahi mili class 9 students ko abhi tak,Social Welfare Department,43
5622,1454,meri bail plea judge sahab se nahi suni gayi baar baar,Judicial & Legal Services,8
5519,1591,Mining lease license hearing pending for over 3 months,Licensing & Regulatory Services,37
5537,1619,Tour operator license application process very slow,Licensing & Regulatory Services,19
5787,1788,Borewell subsidy pending at district agriculture office,Agriculture & Forestry,34
5841,1609,"Sub-center building damaged, not repaired in 3 months",Public Health & Relief,38
5845,1586,Maternity benefit scheme payment not credited to account,Public Health & Relief,44
5565,1578,Electricity connection license delayed for new workshop,Licensing & Regulatory Services,16
5658,1339,District legal aid officer office mein hamesha absent,Judicial & Legal Services,22
5556,1390,Shop registration certificate portal pe download nahi hota,Licensing & Regulatory Services,45
5374,1523,Beti Bachao yojana event nahi hua in our school at all,Education Department,13
5509,1898,Building plan approval taking more than 90 days at UDH,Licensing & Regulatory Services,44
5309,1909,ST scholarship form rejected without proper reason given,Education Department,10
5302,1247,"School mein teacher nahi aate, 3 posts khali hain",Education Department,34
5821,1898,Relief fund cheque bounced after flood disaster,Public Health & Relief,37
5310,1648,Transfer certificate nahi mil raha school se,Education Department,12
5211,1134,Street encroachment by vendors not being managed by UMC,Urban Administration,33
5793,1836,Forest permit nahi mila for minor produce collection,Agriculture & Forestry,45
5719,1590,Sprinkler subsidy form reject hua bina valid reason ke,Agriculture & Forestry,9
5784,1187,Krishi road under PMGSY not constructed in 2 years,Agriculture & Forestry,23
5030,1413,tehsil se pending nahi nikal raha kisi ka bhi document,Revenue Department,41
5479,1212,Baal seva sanstha mein staff bade kum hain capacity se,Social Welfare Department,12
5443,1203,Differently abled persons ramp not built at office,Social Welfare Department,15
5169,1668,sarpanch ne election ke baad ek baar bhi meeting nahi ki,Panchayat Department,31
5462,1489,Domestic violence complaint filed but no FIR registered,Social Welfare Department,29
5595,1678,Vehicle dealer license renewal taking 3 months to process,Licensing & Regulatory Services,26
5817,1788,Flood relief camp mein kapde aur khana nahi mila,Public Health & Relief,3
5836,1036,Polio drive nahi aayi is ward mein is baar,Public Health & Relief,29
5760,1927,Agriculture loan nahi mila bank ne refuse kar diya,Agriculture & Forestry,29
5233,1736,Hawker zone encroaching footpath making it unusable,Urban Administration,8
5372,1694,"Girls toilet in school locked, key with principal only",Education Department,20
5126,1315,Electricity connection to panchayat office disconnected,Panchayat Department,27
5100,1101,zameen registration ke time extra charge liya gaya hai mujhse,Revenue Department,28
5491,1618,Anganwadi mein supplement poshan band ho gaya achanak,Social Welfare Department,32
5900,1065,"Well-water found contaminated, no action taken by health dept",Public Health & Relief,26
5610,1904,Revenue court judgment copy nahi mili fee dene ke baad,Judicial & Legal Services,6
5071,1217,Revenue department ignored my written complaint about boundary,Revenue Department,42
5747,1893,Horticulture subsidy form portal error for 2 weeks,Agriculture & Forestry,19
5210,1866,Nagar palika ne birth certificate issue karna band kar diya,Urban Administration,30
5824,1512,Village has no health sub-center despite population above 3000,Public Health & Relief,9
5320,1416,Teacher always absent on Mondays and Fridays regularly,Education Department,33
5473,1714,Social welfare inspector ne bribe maanga pension ke liye,Social Welfare Department,37
5361,1957,School mein sirf ek teacher hai 300 bachche padh rahe hain,Education Department,14
5314,1161,Attendance register not maintained properly in govt school,Education Department,8
5392,1976,School canteen se basi khana de rahe hain bachon ko,Education Department,26
5612,1134,Police ne FIR likhne se mana kar diya bina reason ke,Judicial & Legal Services,35
5799,1867,Soya crop insurance not settled despite all documents,Agriculture & Forestry,4
5146,1092,Labour card renewal request pending for over 2 months,Panchayat Department,20
5365,1818,"Library books not available in school, only empty racks",Education Department,21
5294,1820,Zone office is never open on Saturdays as it should be,Urban Administration,22
5285,1078,Sewer line damaged causing bad smell in whole block,Urban Administration,22
5084,1201,Bhulekh site pe mera data update nahi hua 3 mahine se,Revenue Department,28
5397,1473,koi bhi teacher NCC activities nahi karvata school mein,Education Department,19
5772,1442,PMFBY mein mera name hi register nahi hua properly,Agriculture & Forestry,6
5125,1122,panchayat auditor ne certificate nahi diya abhi tak,Panchayat Department,9
5802,1649,"PHC mein doctor nahi rehta, sirf nurse milti hai",Public Health & Relief,9
5004,1465,revenue court mein case 2 saal se pending hai,Revenue Department,25
5226,1836,water supply timing changed bina public notice ke,Urban Administration,29
5270,1974,Ward councillor not responding to residents' complaints,Urban Administration,33
5264,1128,"illegal construction ho rahi hai, nagar palika action nahi",Urban Administration,45
5085,1900,Diversion application stuck in revenue office for 5 months,Revenue Department,39
5734,1929,Krishi road under PMGSY not constructed in 2 years,Agriculture & Forestry,26
5493,1480,Differently abled persons ramp not built at office,Social Welfare Department,36
5036,1061,Objection on land auction not heard properly at tehsil,Revenue Department,4
5098,1756,Urgent land boundary demarcation not done since 2 months,Revenue Department,33
5695,1324,DRT recovery notice issued without hearing both sides,Judicial & Legal Services,3
5406,1763,Senior citizen ID card nahi mila apply karne ke baad,Social Welfare Department,33
5140,1180,Solar street lights not working in ward 3 since 2 weeks,Panchayat Department,28
5846,1042,Free medicine scheme se galat generic brand diya gaya,Public Health & Relief,34
5106,1341,Village pond is filled with garbage nobody cleaning it,Panchayat Department,25
5195,1708,"Nalaa cleaning not done before monsoon, flooding expected",Panchayat Department,29
5619,1454,Free legal aid lawyer quality bahut kharab tha mujhe,Judicial & Legal Services,37
5874,1328,Village has no health sub-center despite population above 3000,Public Health & Relief,40
5569,1817,Mining lease license hearing pending for over 3 months,Licensing & Regulatory Services,9
5870,1411,Medical officer ne clinic mein private fee maangi,Public Health & Relief,10
5221,1802,"Open drain near children's park is dangerous, no cover",Urban Administration,21
5074,1978,"agricultural land conversion fee deposited, no receipt given",Revenue Department,29
5213,1513,"pani ki line fati hui hai, road ke neeche se roz roz",Urban Administration,3
5321,1586,Migration certificate application pending at DEO office,Education Department,40
5707,1095,Soil testing report nahi mili apply karne ke 2 mahine baad,Agriculture & Forestry,26
5859,1547,ASHA worker ka payment 4 mahine se pending hai,Public Health & Relief,21
5057,1176,bhu lekh portal pe meri zameen ka vivran galat hai,Revenue Department,18
5133,1767,gaon ki seedhi nali mein kaafi dino se pani jam raha,Panchayat Department,4
5682,1654,"Consumer dispute nahi suna, case transferred without notice",Judicial & Legal Services,39
5081,1556,mera plot ka area wrong mentioned in official records,Revenue Department,38
5458,1104,Pension amount credited to wrong bank account last month,Social Welfare Department,40
5513,1413,Printing press license renewal delayed by 4 months,Licensing & Regulatory Services,44
5878,1826,Family planning surgery ke baad follow-up nahi mila,Public Health & Relief,31
5307,1058,Result correction request pending for 3 months at board,Education Department,33
5508,1447,mera pesticide dealer license renew nahi hua is saal,Licensing & Regulatory Services,30
5560,1673,Construction NOC pending from fire department for months,Licensing & Regulatory Services,32
5554,1150,Driving license correction application pending 3 months,Licensing & Regulatory Services,32
5732,1725,Fishery department ne naav ke liye subsidy deny kar diya,Agriculture & Forestry,13
5742,1077,Sugar cane arrears from mill not paid to farmers yet,Agriculture & Forestry,15
5046,1256,Wrong entry in inheritance partition document at tehsil,Revenue Department,14
5388,1222,"School compound wall damaged, security risk for children",Education Department,11
5389,1866,Coaching class scheme funds not reaching beneficiaries,Education Department,27
5759,1070,Tractor subsidy application rejected without reason,Agriculture & Forestry,14
5753,1535,Fertilizer not available at cooperative society this season,Agriculture & Forestry,38
5407,1377,BPL survey mein hamara naam galti se hata diya gaya,Social Welfare Department,10
5452,1131,Widow pension application rejected without valid reason,Social Welfare Department,26
5269,1653,Property ID update pending since last year at ULB office,Urban Administration,32
5008,1232,court fee stamp refund request pending since last year,Revenue Department,7
5163,1980,"panchayat bhavan ki chhat toot rahi hai, repair nahi hui",Panchayat Department,17
5484,1543,Child labor complaint made but no action taken by dept,Social Welfare Department,26
5524,1092,Small factory license application ignored for months,Licensing & Regulatory Services,3
5721,1228,Cattle insurance claim pending 4 mahine se,Agriculture & Forestry,39
5724,1514,"Maize crop loss due to pest, no help from dept",Agriculture & Forestry,30
5568,1401,"mera rickshaw chalane ka permit expire ho gaya, renewal nahi",Licensing & Regulatory Services,3
5840,1408,Ayushman bharosa yojana rejection without valid ground,Public Health & Relief,30
5375,1515,Board exam center changed without proper student notice,Education Department,9
5345,1796,Special needs teacher vacancy empty for 2 years,Education Department,6
5258,1174,Sewage overflow near main market causing health hazard,Urban Administration,37
5256,1207,Municipal tax receipt not given after payment at counter,Urban Administration,43
5048,1221,Urgent land boundary demarcation not done since 2 months,Revenue Department,4
5340,1010,Teacher posted in city but teaching in village on paper,Education Department,40
5026,1409,"talwar pe jameen ka vivaad chal raha hai, sunwai nahi",Revenue Department,32
5567,1437,Petrol pump NOC application stuck since 5 months,Licensing & Regulatory Services,45
5192,1194,kacchi basti mein bijli ka pole nahi lagaya abhi tak,Panchayat Department,33
5571,1035,Water tanker operator permit not given in time by RTO,Licensing & Regulatory Services,41
5757,1008,Soil testing report nahi mili apply karne ke 2 mahine baad,Agriculture & Forestry,27
5540,1296,Cold storage license renewal pending at FCI office,Licensing & Regulatory Services,3
5478,1031,Sukanya samridhi yojana interest credit nahi hua account mein,Social Welfare Department,23
5070,1892,patwari ne bribe maanga land record correction ke liye,Revenue Department,10
5120,1729,gaon ke kutchha raste mein gitta bichhi nahi gayi abhi tak,Panchayat Department,16
5335,1543,Merit scholarship list mein favored students ke naam,Education Department,11
5889,1898,Jan Arogya Mitra scheme laabh nahi mila registered family,Public Health & Relief,38
5330,1849,Practical examination date clash with theory paper,Education Department,39
5655,1066,NALSA scheme ka laabh nahi mila poor family ko,Judicial & Legal Services,3
5132,1171,"Pump operator absent frequently, water not reaching all",Panchayat Department,28
5191,1576,"gaon mein hospital nahi hai, health sub-centre bhi band",Panchayat Department,20
5303,1739,"Midday meal quality is very poor, children complaining",Education Department,45
5766,1851,Animal husbandry officer ne vaccination nahi kiya pashu ka,Agriculture & Forestry,26
5323,1419,Private school illegally charging fee above government cap,Education Department,45
5791,1227,Seed mini kit not distributed in scheduled village,Agriculture & Forestry,10
5642,1976,Session court ne stay order nahi diya urgency mein,Judicial & Legal Services,43
5506,1131,Shop registration certificate portal pe download nahi hota,Licensing & Regulatory Services,24
5201,1313,Garbage collection stopped in ward 12 for over 2 weeks,Urban Administration,14
5148,1204,Waste collection vehicle not coming to ward 8 since weeks,Panchayat Department,21
5546,1669,mera business registration portal pe error aa raha hai,Licensing & Regulatory Services,26
5875,1929,Ambulance ka petrol khatam tha emergency mein hospital,Public Health & Relief,3
5862,1620,Relief distribution mein flood victims chhoot gaye,Public Health & Relief,8
5308,1574,College admission denied despite qualifying marks obtained,Education Department,38
5720,1688,Dhan ka khareed nahi hua is saal MSP pe,Agriculture & Forestry,40
5219,1314,Property ID update pending since last year at ULB office,Urban Administration,32
5428,1510,Sukanya samridhi yojana interest credit nahi hua account mein,Social Welfare Department,14
5131,1529,MGNREGA muster roll mein fake entries ho rahi hain,Panchayat Department,41
5356,1609,Principal ne private tuition force kiya students ko,Education Department,12
5290,1597,"Death certificate applied 3 weeks ago, not received yet",Urban Administration,35
5463,1586,IGNOAPS pension not received for last 3 consecutive months,Social Welfare Department,45
5485,1632,Juvenile justice board ne case 4 mahine mein nahi dekha,Social Welfare Department,16
5517,1096,Petrol pump NOC application stuck since 5 months,Licensing & Regulatory Services,22
5865,1200,Swasthya shivir mein galat medicine de di ek patient ko,Public Health & Relief,5
5341,1864,Child mein ek baar bhi vaccination nahi aayi school mein,Education Department,4
5696,1785,"mujhe district judge se milna tha, appointment nahi mili",Judicial & Legal Services,4
5783,1201,Animal feed distribution stopped under MGNREGA scheme,Agriculture & Forestry,6
5446,1648,Bal vivah complaint registered but marriage happened anyway,Social Welfare Department,43
5632,1516,"Consumer dispute nahi suna, case transferred without notice",Judicial & Legal Services,5
5532,1580,Inspection officer ne bribe maanga license ke liye,Licensing & Regulatory Services,28
5475,1475,Nutritious food kit not delivered to malnourished child,Social Welfare Department,42
5353,1585,"Midday meal quality is very poor, children complaining",Education Department,35
5419,1505,Old age home application rejected with no explanation,Social Welfare Department,30
5167,1704,MGNREGA kaam band ho gaya bina kisi notice ke,Panchayat Department,11
5319,1774,Free uniform distribution not done this academic year,Education Department,13
5796,1674,Goshala scheme funding not received by registered body,Agriculture & Forestry,35
5393,1976,Annual sports event cancelled without any reason stated,Education Department,31
5581,1908,mera dukan ka trade license cancel ho gaya bina notice,Licensing & Regulatory Services,39
5779,1799,"Organic farming certification apply kiya tha, no progress",Agriculture & Forestry,17
5044,1050,My registered sale deed not reflecting in records portal,Revenue Department,38
5016,1096,registry ke baad mutation update nahi hua 4 mahine ho gaye,Revenue Department,44
5669,1126,Free legal aid lawyer quality bahut kharab tha mujhe,Judicial & Legal Services,45
5819,1766,Disability relief support not given to earthquake victim,Public Health & Relief,29
5515,1305,Electricity connection license delayed for new workshop,Licensing & Regulatory Services,34
5083,1561,Farmer certificate reject kar diya bina proper explanation ke,Revenue Department,34
5530,1157,Scrap dealer registration application rejected wrongly,Licensing & Regulatory Services,9
5877,1133,Doctor ne private hospital refer kar diya without trying,Public Health & Relief,41
5803,1585,Ambulance service call pe response nahi aaya,Public Health & Relief,28
5580,1793,Scrap dealer registration application rejected wrongly,Licensing & Regulatory Services,38
5638,1661,Motor accident tribunal order execution pending months,Judicial & Legal Services,40
5504,1799,Driving license correction application pending 3 months,Licensing & Regulatory Services,8
5223,1600,"Park in my area overgrown, municipal staff not maintaining",Urban Administration,14
5095,1424,patta milne ke baad bhi record update nahi hua gaon mein,Revenue Department,29
5856,1184,Malaria spray nahi kiya hamara area mein is monsoon,Public Health & Relief,23
5826,1824,Epidemic control measure not taken in affected village,Public Health & Relief,38
5544,1425,Electrical contractor license renewal rejected unfairly,Licensing & Regulatory Services,26
5438,1320,NMMS scholarship nahi mili class 9 students ko abhi tak,Social Welfare Department,12
5118,1183,"Water pipeline broken near ward 5, no repair done yet",Panchayat Department,37
5099,1967,Survey correction request rejected without valid reason given,Revenue Department,20
5837,1848,"NHM nurse struck off duty, ward empty without notice",Public Health & Relief,11
5775,1084,"Paani ke liye nalkoop on private land, subsidy nahi mili",Agriculture & Forestry,10
5047,1222,tehsildar ke paas complaint di thi koi sunta nahi,Revenue Department,22
5312,1177,Sports equipment not provided despite government order,Education Department,24
5706,1097,Beej vitran mein biij ki quality bahut kharab thi,Agriculture & Forestry,37
5155,1030,road construction kaam adhura chhod diya contractors ne,Panchayat Department,3
5558,1700,mera pesticide dealer license renew nahi hua is saal,Licensing & Regulatory Services,13
5781,1865,Forest clearance for farm road not given in 6 months,Agriculture & Forestry,41
5606,1812,court ka notice mila but no service was ever done,Judicial & Legal Services,16
5494,1884,Scholarship for ST girl stopped mid-year without notice,Social Welfare Department,16
5477,1446,"Old widow has no family, not receiving any government help",Social Welfare Department,21
5651,1703,"Legal aid request sent 3 months ago, no lawyer assigned",Judicial & Legal Services,25
5698,1347,Court registry counter closes early without any notice,Judicial & Legal Services,33
5202,1609,"naali ka paani road pe aa raha hai, bhrashtachar hai",Urban Administration,25
5712,1623,Drip irrigation subsidy amount credited to wrong account,Agriculture & Forestry,39
5272,1350,"Old footpath tiles damaged, tripping hazard for elderly",Urban Administration,36
5228,1565,Slaughterhouse effluent flowing on road near old market,Urban Administration,17
5525,1237,Fertilizer dealer license inspection not done on time,Licensing & Regulatory Services,36
5498,1169,mujhe NSAP pension list se bina reason hataya gaya,Social Welfare Department,9
5809,1145,ASHA worker ka payment 4 mahine se pending hai,Public Health & Relief,6
5552,1757,Food stall ka FSSAI license nahi mila 4 mahine ho gaye,Licensing & Regulatory Services,8
5032,1407,Revenue case No. 47 sunwai date miss ho gayi bina notice ke,Revenue Department,41
5288,1391,"bijli ke khambe ke paas paani bhar raha, khatarnaak hai",Urban Administration,44
5077,1942,Digitization error in old khasra records not corrected,Revenue Department,22
5657,1047,Consumer complaint forum mein case 8 mahine se stale,Judicial & Legal Services,16
5716,1641,Animal husbandry officer ne vaccination nahi kiya pashu ka,Agriculture & Forestry,26
5284,1427,Trade license renewal delayed by 6 weeks at ULB counter,Urban Administration,10
5812,1007,Relief distribution mein flood victims chhoot gaye,Public Health & Relief,36
5112,1526,Public toilet at bus stand not being cleaned properly,Panchayat Department,22
5743,1287,Forest permit nahi mila for minor produce collection,Agriculture & Forestry,39
5232,1621,Illegal hoarding put on public park boundary wall,Urban Administration,34
5763,1666,Vermi compost unit scheme laabh nahi mila registered farmer,Agriculture & Forestry,17
5265,1214,Street light complaint lodged 5 times but no response,Urban Administration,6
5278,1692,Slaughterhouse effluent flowing on road near old market,Urban Administration,36
5593,1941,Solar panel installer registration pending at CREDA,Licensing & Regulatory Services,29
5151,1288,gram panchayat mein sarpanch funds ka misuse kar raha hai,Panchayat Department,24
5088,1976,mutation process complete nahi hua even after 90 days,Revenue Department,18
5620,1819,Execution order not implemented by court for 3 months,Judicial & Legal Services,22
5007,1471,bhu lekh portal pe meri zameen ka vivran galat hai,Revenue Department,12
5127,1940,"gaon mein plastic waste problem, koi collection nahi",Panchayat Department,4
5729,1658,"Organic farming certification apply kiya tha, no progress",Agriculture & Forestry,22
5736,1941,Cotton procurement stopped mid-season without any notice,Agriculture & Forestry,9
5744,1362,Poultry scheme under SC welfare not implemented here,Agriculture & Forestry,13
5130,1078,social audit board meeting postponed 4 times without reason,Panchayat Department,8
5861,1771,"Sanitation worker infected disease, no support given",Public Health & Relief,27
5249,1716,Construction debris on footpath not cleared by contractor,Urban Administration,21
5153,1363,"Panchayat building closed, no government work being done",Panchayat Department,29
5680,1728,Mediation mein doosri party ne agreement nahi maana,Judicial & Legal Services,35
5296,1895,pothole on main road causing accidents since 3 weeks,Urban Administration,34
5236,1456,"Municipal school building in bad condition, roof leaking",Urban Administration,3
5639,1849,Munsif court orders not followed by state agency,Judicial & Legal Services,27
5628,1364,Legal aid clinic closed without notice in village area,Judicial & Legal Services,5
5338,1850,"School compound wall damaged, security risk for children",Education Department,3
5018,1763,Income certificate application rejected without proper reason,Revenue Department,6
5424,1714,Disability pension amount reduced without intimation given,Social Welfare Department,28
5381,1199,Hindi medium school converted to English without notice,Education Department,22
5279,1810,Birth certificate application portal not working since days,Urban Administration,41
5528,1878,Commercial building occupancy certificate not issued timely,Licensing & Regulatory Services,33
5122,1914,"Borewell motor damaged, villagers fetching water from far",Panchayat Department,7
5737,1615,Borewell subsidy pending at district agriculture office,Agriculture & Forestry,30
5193,1833,"Road tar melting and damaging in summer, no action taken",Panchayat Department,32
5090,1034,boundary dispute resolution meeting postponed thrice already,Revenue Department,19
5786,1896,Cotton procurement stopped mid-season without any notice,Agriculture & Forestry,35
5204,1628,Building permit application pending for more than 3 months,Urban Administration,27
5339,1194,Coaching class scheme funds not reaching beneficiaries,Education Department,33
5234,1704,Trade license renewal delayed by 6 weeks at ULB counter,Urban Administration,5
5750,1490,MIDH scheme greenhouse subsidy application pending months,Agriculture & Forestry,7
5369,1453,Free uniform distribution not done this academic year,Education Department,11
5641,1822,Lok Adalat award nahi mila hone ke 2 mahine baad,Judicial & Legal Services,41
5009,1846,My land survey dispute unresolved for 3 months,Revenue Department,27
5154,1807,"gaon mein pani ki problem hai, panchayat kuch nahi karti",Panchayat Department,30
5792,1810,Sugar cane arrears from mill not paid to farmers yet,Agriculture & Forestry,21
5348,1942,Supplementary exam fee paid but form rejected wrongly,Education Department,30
5058,1480,court fee stamp refund request pending since last year,Revenue Department,24
5371,1405,Migration certificate application pending at DEO office,Education Department,26
5111,1267,street light kharab hai 1 mahine se koi nahi aaya,Panchayat Department,25
5185,1194,Toilet construction stopped midway under ODF scheme,Panchayat Department,29
5464,1395,Welfare officer ka number hi band rehta hai hamesha,Social Welfare Department,37
5065,1859,ek hi khasra number do logon ko diya gaya hai district mein,Revenue Department,12
5883,1788,Health ID card nahi bana hai mera abhi tak,Public Health & Relief,37
5615,1340,Electronic court fee challan not accepted at window,Judicial & Legal Services,27
5317,1849,PTM ek baar bhi nahi ki school ne pichle saal mein,Education Department,4
5635,1060,Child custody order not implemented by responding parent,Judicial & Legal Services,12
5876,1138,Epidemic control measure not taken in affected village,Public Health & Relief,27
5536,1234,CGPDTM registration pending for new small business,Licensing & Regulatory Services,41
5858,1691,Health worker ne vaccination camp nahi kiya as scheduled,Public Health & Relief,43
5764,1939,Forest rights patta nahi mila tribal adivasi ko,Agriculture & Forestry,6
5329,1563,"School has no electricity, students sit in dark classes",Education Department,16
5534,1303,Timber depot license renewal not processed in time,Licensing & Regulatory Services,16
5001,1789,"land mutation request pending for 6 months, no response from office",Revenue Department,28
5035,1224,Diversion application stuck in revenue office for 5 months,Revenue Department,32
5852,1017,"PHC mein doctor nahi rehta, sirf nurse milti hai",Public Health & Relief,21
5400,1233,"Music teacher post vacant, students missing out on arts",Education Department,24
5761,1808,Crop survey nahi hua for flood damaged field area,Agriculture & Forestry,11
5848,1623,Rural ambulance driver ne raat ko call attend nahi ki,Public Health & Relief,20
5350,1231,"Music teacher post vacant, students missing out on arts",Education Department,13
5156,1237,Village pond is filled with garbage nobody cleaning it,Panchayat Department,3
5349,1770,Parent complaint about corporal punishment in school,Education Department,40
5208,1760,Sewage overflow near main market causing health hazard,Urban Administration,33
5184,1117,"Overhead tank leaking, half water wasted daily",Panchayat Department,7
5281,1955,Road repair in rainy season done with poor quality material,Urban Administration,3
5894,1406,Rogi kalyan samiti meeting nahi hui 6 mahine se,Public Health & Relief,26
5331,1663,Hindi medium school converted to English without notice,Education Department,26
5152,1868,MGNREGA payment nahi mila 3 mahine ho gaye hai,Panchayat Department,39
5735,1018,Goat rearing scheme application pending for 5 months,Agriculture & Forestry,34
5089,1545,tahsil ne mujhe galat counter pe bhej diya baar baar,Revenue Department,4
5212,1352,Footpath blocked by construction debris for weeks,Urban Administration,13
5136,1727,Gram Panchayat not issuing residence certificate promptly,Panchayat Department,43
5510,1537,Construction NOC pending from fire department for months,Licensing & Regulatory Services,28
5842,1226,Health department inspection team ne kuch nahi kiya,Public Health & Relief,42
