application_id,citizen_id,scheme_id,application_data_json,approval_confidence,status
9001,1613,5,"{""age"": 61, ""income"": ""Ward 9"", ""occupation"": ""teacher"", ""district"": ""Balod"", ""family_size"": 5}",93,approved
9002,1105,2,"{""age"": 86, ""income"": ""Colony 5"", ""occupation"": ""teacher"", ""district"": ""Kabirdham"", ""family_size"": 4}",81,approved
9003,1422,5,"{""age"": 38, ""income"": ""Colony 2"", ""occupation"": ""teacher"", ""district"": ""Rajnandgaon"", ""family_size"": 8}",50,rejected
9004,1343,5,"{""age"": 80, ""income"": ""Village XC"", ""occupation"": ""labour"", ""district"": ""Bilaspur"", ""family_size"": 1}",81,approved
9005,1593,1,"{""age"": 80, ""income"": ""Durg Nagar"", ""occupation"": ""carpenter"", ""district"": ""Durg"", ""family_size"": 1}",90,approved
9006,1822,4,"{""age"": 37, ""income"": ""Sukma Nagar"", ""occupation"": ""teacher"", ""district"": ""Sukma"", ""family_size"": 6}",57,rejected
9007,1908,1,"{""age"": 25, ""income"": ""Colony 14"", ""occupation"": ""labour"", ""district"": ""Balrampur"", ""family_size"": 7}",67,pending_operator_review
9008,1042,4,"{""age"": 29, ""income"": ""Colony 4"", ""occupation"": ""student"", ""district"": ""Kabirdham"", ""family_size"": 1}",79,pending_operator_review
9009,1541,2,"{""age"": 85, ""income"": ""Bemetara Nagar"", ""occupation"": ""driver"", ""district"": ""Bemetara"", ""family_size"": 5}",78,pending_operator_review
9010,1544,3,"{""age"": 29, ""income"": ""Colony 14"", ""occupation"": ""weaver"", ""district"": ""Bemetara"", ""family_size"": 4}",50,rejected
9011,1234,3,"{""age"": 89, ""income"": ""Narayanpur Nagar"", ""occupation"": ""carpenter"", ""district"": ""Narayanpur"", ""family_size"": 6}",79,pending_operator_review
9012,1219,4,"{""age"": 24, ""income"": ""Colony 13"", ""occupation"": ""carpenter"", ""district"": ""Bemetara"", ""family_size"": 6}",92,approved
9013,1292,1,"{""age"": 75, ""income"": ""Kondagaon Nagar"", ""occupation"": ""labour"", ""district"": ""Kondagaon"", ""family_size"": 5}",66,pending_operator_review
9014,1636,2,"{""age"": 23, ""income"": ""Colony 9"", ""occupation"": ""government employee"", ""district"": ""Surguja"", ""family_size"": 8}",61,pending_operator_review
9015,1527,1,"{""age"": 75, ""income"": ""Village KN"", ""occupation"": ""unemployed"", ""district"": ""Mungeli"", ""family_size"": 1}",62,pending_operator_review
9016,1121,4,"{""age"": 54, ""income"": ""Colony 13"", ""occupation"": ""government employee"", ""district"": ""Janjgir-Champa"", ""family_size"": 4}",100,approved
9017,1680,4,"{""age"": 24, ""income"": ""Sukma Nagar"", ""occupation"": ""carpenter"", ""district"": ""Sukma"", ""family_size"": 5}",65,pending_operator_review
9018,1758,1,"{""age"": 31, ""income"": ""Ward 30"", ""occupation"": ""student"", ""district"": ""Jashpur"", ""family_size"": 7}",81,approved
9019,1763,5,"{""age"": 81, ""income"": ""Village KU"", ""occupation"": ""labour"", ""district"": ""Kanker"", ""family_size"": 6}",97,approved
9020,1640,5,"{""age"": 37, ""income"": ""Surajpur Nagar"", ""occupation"": ""self employed"", ""district"": ""Surajpur"", ""family_size"": 5}",66,pending_operator_review
9021,1274,1,"{""age"": 26, ""income"": ""Ward 7"", ""occupation"": ""weaver"", ""district"": ""Baloda Bazar"", ""family_size"": 6}",97,approved
9022,1602,2,"{""age"": 74, ""income"": ""Kabirdham Nagar"", ""occupation"": ""teacher"", ""district"": ""Kabirdham"", ""family_size"": 1}",62,pending_operator_review
9023,1191,1,"{""age"": 47, ""income"": ""Village RL"", ""occupation"": ""carpenter"", ""district"": ""Rajnandgaon"", ""family_size"": 8}",90,approved
9024,1909,3,"{""age"": 83, ""income"": ""Ward 15"", ""occupation"": ""self employed"", ""district"": ""Bilaspur"", ""family_size"": 7}",50,rejected
9025,1866,3,"{""age"": 53, ""income"": ""Colony 10"", ""occupation"": ""student"", ""district"": ""Bemetara"", ""family_size"": 3}",77,pending_operator_review
9026,1635,5,"{""age"": 80, ""income"": ""Ward 24"", ""occupation"": ""driver"", ""district"": ""Dantewada"", ""family_size"": 1}",57,rejected
9027,1762,3,"{""age"": 78, ""income"": ""Village TH"", ""occupation"": ""self employed"", ""district"": ""Mahasamund"", ""family_size"": 3}",63,pending_operator_review
9028,1854,1,"{""age"": 63, ""income"": ""Village FJ"", ""occupation"": ""weaver"", ""district"": ""Dantewada"", ""family_size"": 3}",88,approved
9029,1971,5,"{""age"": 41, ""income"": ""Jashpur Nagar"", ""occupation"": ""driver"", ""district"": ""Jashpur"", ""family_size"": 7}",74,pending_operator_review
9030,1201,2,"{""age"": 79, ""income"": ""Village RV"", ""occupation"": ""carpenter"", ""district"": ""Baloda Bazar"", ""family_size"": 1}",88,approved
9031,1843,2,"{""age"": 20, ""income"": ""Village CT"", ""occupation"": ""government employee"", ""district"": ""Surajpur"", ""family_size"": 4}",72,pending_operator_review
9032,1871,4,"{""age"": 83, ""income"": ""Colony 12"", ""occupation"": ""unemployed"", ""district"": ""Mungeli"", ""family_size"": 6}",66,pending_operator_review
9033,1993,1,"{""age"": 26, ""income"": ""Ward 8"", ""occupation"": ""weaver"", ""district"": ""Bilaspur"", ""family_size"": 4}",51,rejected
9034,1451,5,"{""age"": 38, ""income"": ""Kabirdham Nagar"", ""occupation"": ""carpenter"", ""district"": ""Kabirdham"", ""family_size"": 2}",72,pending_operator_review
9035,1282,1,"{""age"": 62, ""income"": ""Colony 8"", ""occupation"": ""labour"", ""district"": ""Korba"", ""family_size"": 3}",93,approved
9036,1475,2,"{""age"": 43, ""income"": ""Colony 13"", ""occupation"": ""self employed"", ""district"": ""Bemetara"", ""family_size"": 3}",51,rejected
9037,1121,2,"{""age"": 54, ""income"": ""Colony 13"", ""occupation"": ""government employee"", ""district"": ""Janjgir-Champa"", ""family_size"": 6}",63,pending_operator_review
9038,1096,5,"{""age"": 44, ""income"": ""Ward 23"", ""occupation"": ""labour"", ""district"": ""Balod"", ""family_size"": 6}",50,rejected
9039,1023,3,"{""age"": 79, ""income"": ""Ward 28"", ""occupation"": ""unemployed"", ""district"": ""Jashpur"", ""family_size"": 3}",62,pending_operator_review
9040,1081,5,"{""age"": 55, ""income"": ""Ward 11"", ""occupation"": ""housewife"", ""district"": ""Sukma"", ""family_size"": 3}",94,approved
9041,1040,4,"{""age"": 26, ""income"": ""Ward 25"", ""occupation"": ""driver"", ""district"": ""Kanker"", ""family_size"": 3}",53,rejected
9042,1309,5,"{""age"": 79, ""income"": ""Bijapur Nagar"", ""occupation"": ""weaver"", ""district"": ""Bijapur"", ""family_size"": 2}",100,approved
9043,1710,1,"{""age"": 66, ""income"": ""Village CP"", ""occupation"": ""unemployed"", ""district"": ""Balod"", ""family_size"": 4}",53,rejected
9044,1932,3,"{""age"": 19, ""income"": ""Colony 12"", ""occupation"": ""carpenter"", ""district"": ""Raigarh"", ""family_size"": 5}",83,approved
9045,1295,4,"{""age"": 56, ""income"": ""Korba Nagar"", ""occupation"": ""farmer"", ""district"": ""Korba"", ""family_size"": 4}",83,approved
9046,1368,4,"{""age"": 23, ""income"": ""Raipur Nagar"", ""occupation"": ""student"", ""district"": ""Raipur"", ""family_size"": 8}",88,approved
9047,1458,2,"{""age"": 63, ""income"": ""Raigarh Nagar"", ""occupation"": ""shop owner"", ""district"": ""Raigarh"", ""family_size"": 3}",67,pending_operator_review
9048,1851,3,"{""age"": 60, ""income"": ""Rajnandgaon Nagar"", ""occupation"": ""student"", ""district"": ""Rajnandgaon"", ""family_size"": 6}",65,pending_operator_review
9049,1539,1,"{""age"": 27, ""income"": ""Mungeli Nagar"", ""occupation"": ""teacher"", ""district"": ""Mungeli"", ""family_size"": 6}",55,rejected
9050,1549,2,"{""age"": 24, ""income"": ""Ward 5"", ""occupation"": ""driver"", ""district"": ""Sukma"", ""family_size"": 8}",59,rejected
9051,1881,2,"{""age"": 40, ""income"": ""Colony 11"", ""occupation"": ""housewife"", ""district"": ""Kanker"", ""family_size"": 3}",77,pending_operator_review
9052,1955,3,"{""age"": 51, ""income"": ""Colony 10"", ""occupation"": ""self employed"", ""district"": ""Kondagaon"", ""family_size"": 3}",87,approved
9053,1364,1,"{""age"": 26, ""income"": ""Village ZF"", ""occupation"": ""housewife"", ""district"": ""Janjgir-Champa"", ""family_size"": 6}",61,pending_operator_review
9054,1892,3,"{""age"": 34, ""income"": ""Jashpur Nagar"", ""occupation"": ""weaver"", ""district"": ""Jashpur"", ""family_size"": 6}",91,approved
9055,1479,4,"{""age"": 72, ""income"": ""Colony 5"", ""occupation"": ""unemployed"", ""district"": ""Raipur"", ""family_size"": 2}",71,pending_operator_review
9056,1927,3,"{""age"": 42, ""income"": ""Village WN"", ""occupation"": ""farmer"", ""district"": ""Kondagaon"", ""family_size"": 1}",65,pending_operator_review
9057,1055,5,"{""age"": 44, ""income"": ""Kabirdham Nagar"", ""occupation"": ""housewife"", ""district"": ""Kabirdham"", ""family_size"": 2}",86,approved
9058,1434,5,"{""age"": 21, ""income"": ""Village BG"", ""occupation"": ""self employed"", ""district"": ""Balrampur"", ""family_size"": 6}",69,pending_operator_review
9059,1269,5,"{""age"": 29, ""income"": ""Kondagaon Nagar"", ""occupation"": ""self employed"", ""district"": ""Kondagaon"", ""family_size"": 8}",74,pending_operator_review
9060,1106,3,"{""age"": 77, ""income"": ""Village VD"", ""occupation"": ""driver"", ""district"": ""Sukma"", ""family_size"": 1}",95,approved
9061,1781,3,"{""age"": 48, ""income"": ""Korba Nagar"", ""occupation"": ""student"", ""district"": ""Korba"", ""family_size"": 5}",87,approved
9062,1758,1,"{""age"": 31, ""income"": ""Ward 30"", ""occupation"": ""student"", ""district"": ""Jashpur"", ""family_size"": 6}",97,approved
9063,1032,5,"{""age"": 64, ""income"": ""Village AV"", ""occupation"": ""carpenter"", ""district"": ""Narayanpur"", ""family_size"": 3}",91,approved
9064,1262,3,"{""age"": 22, ""income"": ""Korba Nagar"", ""occupation"": ""driver"", ""district"": ""Korba"", ""family_size"": 7}",95,approved
9065,1298,1,"{""age"": 43, ""income"": ""Balrampur Nagar"", ""occupation"": ""student"", ""district"": ""Balrampur"", ""family_size"": 4}",71,pending_operator_review
9066,1028,4,"{""age"": 77, ""income"": ""Village WJ"", ""occupation"": ""teacher"", ""district"": ""Baloda Bazar"", ""family_size"": 7}",88,approved
9067,1953,3,"{""age"": 47, ""income"": ""Kondagaon Nagar"", ""occupation"": ""labour"", ""district"": ""Kondagaon"", ""family_size"": 6}",100,approved
9068,1361,5,"{""age"": 44, ""income"": ""Ward 24"", ""occupation"": ""teacher"", ""district"": ""Bijapur"", ""family_size"": 4}",73,pending_operator_review
9069,1882,3,"{""age"": 45, ""income"": ""Village NR"", ""occupation"": ""self employed"", ""district"": ""Gariaband"", ""family_size"": 2}",53,rejected
9070,1520,2,"{""age"": 40, ""income"": ""Village JA"", ""occupation"": ""carpenter"", ""district"": ""Sukma"", ""family_size"": 3}",78,pending_operator_review
9071,1450,3,"{""age"": 67, ""income"": ""Ward 8"", ""occupation"": ""farmer"", ""district"": ""Janjgir-Champa"", ""family_size"": 5}",78,pending_operator_review
9072,1787,4,"{""age"": 52, ""income"": ""Ward 20"", ""occupation"": ""driver"", ""district"": ""Raigarh"", ""family_size"": 8}",81,approved
9073,1279,3,"{""age"": 48, ""income"": ""Village VG"", ""occupation"": ""farmer"", ""district"": ""Gariaband"", ""family_size"": 3}",73,pending_operator_review
9074,1291,1,"{""age"": 62, ""income"": ""Durg Nagar"", ""occupation"": ""driver"", ""district"": ""Durg"", ""family_size"": 3}",63,pending_operator_review
9075,1527,4,"{""age"": 75, ""income"": ""Village KN"", ""occupation"": ""unemployed"", ""district"": ""Mungeli"", ""family_size"": 3}",68,pending_operator_review
9076,1755,5,"{""age"": 66, ""income"": ""Ward 1"", ""occupation"": ""self employed"", ""district"": ""Gariaband"", ""family_size"": 4}",80,approved
9077,1611,4,"{""age"": 30, ""income"": ""Bijapur Nagar"", ""occupation"": ""farmer"", ""district"": ""Bijapur"", ""family_size"": 1}",51,rejected
9078,1506,1,"{""age"": 20, ""income"": ""Jashpur Nagar"", ""occupation"": ""carpenter"", ""district"": ""Jashpur"", ""family_size"": 5}",71,pending_operator_review
9079,1915,3,"{""age"": 78, ""income"": ""Ward 23"", ""occupation"": ""student"", ""district"": ""Janjgir-Champa"", ""family_size"": 5}",85,approved
9080,1853,3,"{""age"": 71, ""income"": ""Ward 16"", ""occupation"": ""unemployed"", ""district"": ""Balrampur"", ""family_size"": 7}",79,pending_operator_review
9081,1918,3,"{""age"": 19, ""income"": ""Colony 13"", ""occupation"": ""labour"", ""district"": ""Baloda Bazar"", ""family_size"": 2}",77,pending_operator_review
9082,1437,2,"{""age"": 75, ""income"": ""Korba Nagar"", ""occupation"": ""carpenter"", ""district"": ""Korba"", ""family_size"": 4}",93,approved
9083,1578,3,"{""age"": 37, ""income"": ""Ward 25"", ""occupation"": ""teacher"", ""district"": ""Bastar"", ""family_size"": 7}",92,approved
9084,1866,4,"{""age"": 53, ""income"": ""Colony 10"", ""occupation"": ""student"", ""district"": ""Bemetara"", ""family_size"": 2}",59,rejected
9085,1338,3,"{""age"": 40, ""income"": ""Colony 3"", ""occupation"": ""housewife"", ""district"": ""Dantewada"", ""family_size"": 4}",71,pending_operator_review
9086,1924,1,"{""age"": 30, ""income"": ""Village FH"", ""occupation"": ""shop owner"", ""district"": ""Raigarh"", ""family_size"": 3}",99,approved
9087,1462,4,"{""age"": 27, ""income"": ""Village CC"", ""occupation"": ""teacher"", ""district"": ""Balod"", ""family_size"": 8}",66,pending_operator_review
9088,1640,1,"{""age"": 37, ""income"": ""Surajpur Nagar"", ""occupation"": ""self employed"", ""district"": ""Surajpur"", ""family_size"": 7}",69,pending_operator_review
9089,1127,2,"{""age"": 37, ""income"": ""Village UT"", ""occupation"": ""government employee"", ""district"": ""Bilaspur"", ""family_size"": 3}",81,approved
9090,1152,4,"{""age"": 74, ""income"": ""Ward 1"", ""occupation"": ""shop owner"", ""district"": ""Kanker"", ""family_size"": 7}",73,pending_operator_review
9091,1203,1,"{""age"": 76, ""income"": ""Narayanpur Nagar"", ""occupation"": ""farmer"", ""district"": ""Narayanpur"", ""family_size"": 5}",73,pending_operator_review
9092,1972,1,"{""age"": 86, ""income"": ""Colony 6"", ""occupation"": ""unemployed"", ""district"": ""Kanker"", ""family_size"": 4}",67,pending_operator_review
9093,1106,4,"{""age"": 77, ""income"": ""Village VD"", ""occupation"": ""driver"", ""district"": ""Sukma"", ""family_size"": 1}",53,rejected
9094,1348,3,"{""age"": 26, ""income"": ""Janjgir-Champa Nagar"", ""occupation"": ""farmer"", ""district"": ""Janjgir-Champa"", ""family_size"": 6}",71,pending_operator_review
9095,1570,2,"{""age"": 33, ""income"": ""Village IQ"", ""occupation"": ""housewife"", ""district"": ""Surguja"", ""family_size"": 5}",72,pending_operator_review
9096,1365,5,"{""age"": 89, ""income"": ""Raipur Nagar"", ""occupation"": ""self employed"", ""district"": ""Raipur"", ""family_size"": 6}",73,pending_operator_review
9097,1946,4,"{""age"": 23, ""income"": ""Colony 4"", ""occupation"": ""shop owner"", ""district"": ""Bastar"", ""family_size"": 3}",57,rejected
9098,1435,5,"{""age"": 87, ""income"": ""Ward 4"", ""occupation"": ""student"", ""district"": ""Kondagaon"", ""family_size"": 4}",63,pending_operator_review
9099,1382,4,"{""age"": 81, ""income"": ""Ward 26"", ""occupation"": ""farmer"", ""district"": ""Bemetara"", ""family_size"": 7}",76,pending_operator_review
9100,1522,1,"{""age"": 85, ""income"": ""Bilaspur Nagar"", ""occupation"": ""teacher"", ""district"": ""Bilaspur"", ""family_size"": 6}",98,approved
9101,1008,3,"{""age"": 85, ""income"": ""Colony 5"", ""occupation"": ""weaver"", ""district"": ""Surguja"", ""family_size"": 2}",51,rejected
9102,1515,4,"{""age"": 25, ""income"": ""Ward 5"", ""occupation"": ""farmer"", ""district"": ""Dantewada"", ""family_size"": 1}",68,pending_operator_review
9103,1206,1,"{""age"": 76, ""income"": ""Colony 15"", ""occupation"": ""student"", ""district"": ""Bijapur"", ""family_size"": 8}",55,rejected
9104,1380,3,"{""age"": 77, ""income"": ""Colony 1"", ""occupation"": ""unemployed"", ""district"": ""Kondagaon"", ""family_size"": 8}",85,approved
9105,1329,2,"{""age"": 30, ""income"": ""Ward 15"", ""occupation"": ""driver"", ""district"": ""Raigarh"", ""family_size"": 2}",90,approved
9106,1736,5,"{""age"": 19, ""income"": ""Colony 3"", ""occupation"": ""weaver"", ""district"": ""Baloda Bazar"", ""family_size"": 8}",87,approved
9107,1238,2,"{""age"": 72, ""income"": ""Colony 12"", ""occupation"": ""weaver"", ""district"": ""Kabirdham"", ""family_size"": 7}",85,approved
9108,1393,1,"{""age"": 48, ""income"": ""Narayanpur Nagar"", ""occupation"": ""self employed"", ""district"": ""Narayanpur"", ""family_size"": 4}",54,rejected
9109,1685,4,"{""age"": 70, ""income"": ""Ward 15"", ""occupation"": ""shop owner"", ""district"": ""Bilaspur"", ""family_size"": 1}",83,approved
9110,1590,5,"{""age"": 22, ""income"": ""Ward 3"", ""occupation"": ""government employee"", ""district"": ""Dantewada"", ""family_size"": 6}",91,approved
9111,1696,1,"{""age"": 80, ""income"": ""Colony 13"", ""occupation"": ""housewife"", ""district"": ""Bemetara"", ""family_size"": 2}",52,rejected
9112,1378,3,"{""age"": 90, ""income"": ""Ward 14"", ""occupation"": ""labour"", ""district"": ""Surguja"", ""family_size"": 4}",88,approved
9113,1081,1,"{""age"": 55, ""income"": ""Ward 11"", ""occupation"": ""housewife"", ""district"": ""Sukma"", ""family_size"": 2}",73,pending_operator_review
9114,1862,2,"{""age"": 69, ""income"": ""Mungeli Nagar"", ""occupation"": ""shop owner"", ""district"": ""Mungeli"", ""family_size"": 3}",52,rejected
9115,1166,4,"{""age"": 29, ""income"": ""Raigarh Nagar"", ""occupation"": ""driver"", ""district"": ""Raigarh"", ""family_size"": 5}",53,rejected
9116,1034,5,"{""age"": 61, ""income"": ""Colony 11"", ""occupation"": ""self employed"", ""district"": ""Balrampur"", ""family_size"": 4}",93,approved
9117,1695,2,"{""age"": 82, ""income"": ""Colony 5"", ""occupation"": ""self employed"", ""district"": ""Bastar"", ""family_size"": 4}",86,approved
9118,1444,2,"{""age"": 41, ""income"": ""Colony 10"", ""occupation"": ""labour"", ""district"": ""Bastar"", ""family_size"": 8}",87,approved
9119,1044,2,"{""age"": 87, ""income"": ""Bemetara Nagar"", ""occupation"": ""housewife"", ""district"": ""Bemetara"", ""family_size"": 1}",92,approved
9120,1686,2,"{""age"": 67, ""income"": ""Colony 7"", ""occupation"": ""self employed"", ""district"": ""Mahasamund"", ""family_size"": 8}",83,approved
9121,1174,1,"{""age"": 33, ""income"": ""Village UG"", ""occupation"": ""shop owner"", ""district"": ""Raigarh"", ""family_size"": 4}",83,approved
9122,1305,3,"{""age"": 77, ""income"": ""Village JT"", ""occupation"": ""unemployed"", ""district"": ""Kondagaon"", ""family_size"": 8}",83,approved
9123,1102,4,"{""age"": 76, ""income"": ""Village ZU"", ""occupation"": ""driver"", ""district"": ""Bijapur"", ""family_size"": 8}",77,pending_operator_review
9124,1414,2,"{""age"": 77, ""income"": ""Village YX"", ""occupation"": ""shop owner"", ""district"": ""Durg"", ""family_size"": 5}",58,rejected
9125,1757,1,"{""age"": 23, ""income"": ""Colony 13"", ""occupation"": ""shop owner"", ""district"": ""Bijapur"", ""family_size"": 4}",69,pending_operator_review
9126,1525,1,"{""age"": 48, ""income"": ""Ward 18"", ""occupation"": ""student"", ""district"": ""Baloda Bazar"", ""family_size"": 3}",68,pending_operator_review
9127,1191,4,"{""age"": 47, ""income"": ""Village RL"", ""occupation"": ""carpenter"", ""district"": ""Rajnandgaon"", ""family_size"": 7}",68,pending_operator_review
9128,1493,3,"{""age"": 22, ""income"": ""Kanker Nagar"", ""occupation"": ""farmer"", ""district"": ""Kanker"", ""family_size"": 3}",96,approved
9129,1836,4,"{""age"": 87, ""income"": ""Village LC"", ""occupation"": ""labour"", ""district"": ""Dantewada"", ""family_size"": 5}",67,pending_operator_review
9130,1869,1,"{""age"": 27, ""income"": ""Village MK"", ""occupation"": ""driver"", ""district"": ""Korba"", ""family_size"": 5}",79,pending_operator_review
9131,1664,5,"{""age"": 83, ""income"": ""Baloda Bazar Nagar"", ""occupation"": ""weaver"", ""district"": ""Baloda Bazar"", ""family_size"": 4}",99,approved
9132,1701,2,"{""age"": 49, ""income"": ""Ward 19"", ""occupation"": ""labour"", ""district"": ""Dantewada"", ""family_size"": 8}",88,approved
9133,1841,4,"{""age"": 81, ""income"": ""Ward 8"", ""occupation"": ""labour"", ""district"": ""Janjgir-Champa"", ""family_size"": 7}",65,pending_operator_review
9134,1453,5,"{""age"": 19, ""income"": ""Ward 28"", ""occupation"": ""farmer"", ""district"": ""Kondagaon"", ""family_size"": 6}",83,approved
9135,1096,5,"{""age"": 44, ""income"": ""Ward 23"", ""occupation"": ""labour"", ""district"": ""Balod"", ""family_size"": 8}",78,pending_operator_review
9136,1845,3,"{""age"": 90, ""income"": ""Colony 13"", ""occupation"": ""shop owner"", ""district"": ""Dantewada"", ""family_size"": 5}",89,approved
9137,1581,2,"{""age"": 36, ""income"": ""Colony 2"", ""occupation"": ""weaver"", ""district"": ""Baloda Bazar"", ""family_size"": 5}",74,pending_operator_review
9138,1540,4,"{""age"": 31, ""income"": ""Village ZF"", ""occupation"": ""shop owner"", ""district"": ""Bemetara"", ""family_size"": 2}",69,pending_operator_review
9139,1955,3,"{""age"": 51, ""income"": ""Colony 10"", ""occupation"": ""self employed"", ""district"": ""Kondagaon"", ""family_size"": 7}",89,approved
9140,1223,5,"{""age"": 33, ""income"": ""Ward 26"", ""occupation"": ""weaver"", ""district"": ""Balod"", ""family_size"": 6}",65,pending_operator_review
9141,1095,3,"{""age"": 57, ""income"": ""Raigarh Nagar"", ""occupation"": ""unemployed"", ""district"": ""Raigarh"", ""family_size"": 6}",77,pending_operator_review
9142,1414,3,"{""age"": 77, ""income"": ""Village YX"", ""occupation"": ""shop owner"", ""district"": ""Durg"", ""family_size"": 3}",62,pending_operator_review
9143,1630,3,"{""age"": 76, ""income"": ""Colony 11"", ""occupation"": ""government employee"", ""district"": ""Raipur"", ""family_size"": 1}",59,rejected
9144,1642,4,"{""age"": 43, ""income"": ""Raipur Nagar"", ""occupation"": ""self employed"", ""district"": ""Raipur"", ""family_size"": 1}",85,approved
9145,1962,5,"{""age"": 85, ""income"": ""Colony 5"", ""occupation"": ""carpenter"", ""district"": ""Raipur"", ""family_size"": 7}",67,pending_operator_review
9146,1785,5,"{""age"": 87, ""income"": ""Janjgir-Champa Nagar"", ""occupation"": ""weaver"", ""district"": ""Janjgir-Champa"", ""family_size"": 7}",74,pending_operator_review
9147,1429,5,"{""age"": 65, ""income"": ""Ward 10"", ""occupation"": ""teacher"", ""district"": ""Mungeli"", ""family_size"": 2}",57,rejected
9148,1678,5,"{""age"": 90, ""income"": ""Kabirdham Nagar"", ""occupation"": ""labour"", ""district"": ""Kabirdham"", ""family_size"": 3}",58,rejected
9149,1591,2,"{""age"": 41, ""income"": ""Colony 12"", ""occupation"": ""weaver"", ""district"": ""Bilaspur"", ""family_size"": 4}",92,approved
9150,1791,2,"{""age"": 74, ""income"": ""Village EJ"", ""occupation"": ""labour"", ""district"": ""Surguja"", ""family_size"": 5}",74,pending_operator_review
9151,1574,4,"{""age"": 62, ""income"": ""Colony 14"", ""occupation"": ""unemployed"", ""district"": ""Baloda Bazar"", ""family_size"": 3}",61,pending_operator_review
9152,1925,1,"{""age"": 58, ""income"": ""Village RP"", ""occupation"": ""labour"", ""district"": ""Kabirdham"", ""family_size"": 4}",79,pending_operator_review
9153,1213,2,"{""age"": 89, ""income"": ""Colony 7"", ""occupation"": ""labour"", ""district"": ""Kondagaon"", ""family_size"": 8}",95,approved
9154,1572,3,"{""age"": 87, ""income"": ""Mahasamund Nagar"", ""occupation"": ""teacher"", ""district"": ""Mahasamund"", ""family_size"": 1}",74,pending_operator_review
9155,1692,1,"{""age"": 30, ""income"": ""Colony 9"", ""occupation"": ""farmer"", ""district"": ""Narayanpur"", ""family_size"": 4}",82,approved
9156,1424,4,"{""age"": 82, ""income"": ""Kondagaon Nagar"", ""occupation"": ""labour"", ""district"": ""Kondagaon"", ""family_size"": 5}",95,approved
9157,1905,5,"{""age"": 40, ""income"": ""Colony 8"", ""occupation"": ""carpenter"", ""district"": ""Bastar"", ""family_size"": 6}",81,approved
9158,1514,2,"{""age"": 33, ""income"": ""Village JD"", ""occupation"": ""housewife"", ""district"": ""Sukma"", ""family_size"": 1}",66,pending_operator_review
9159,1807,3,"{""age"": 20, ""income"": ""Kondagaon Nagar"", ""occupation"": ""housewife"", ""district"": ""Kondagaon"", ""family_size"": 6}",87,approved
9160,1395,3,"{""age"": 24, ""income"": ""Colony 1"", ""occupation"": ""teacher"", ""district"": ""Mungeli"", ""family_size"": 8}",92,approved
9161,1409,3,"{""age"": 74, ""income"": ""Colony 12"", ""occupation"": ""housewife"", ""district"": ""Bijapur"", ""family_size"": 8}",82,approved
9162,1395,5,"{""age"": 24, ""income"": ""Colony 1"", ""occupation"": ""teacher"", ""district"": ""Mungeli"", ""family_size"": 1}",53,rejected
9163,1908,3,"{""age"": 25, ""income"": ""Colony 14"", ""occupation"": ""labour"", ""district"": ""Balrampur"", ""family_size"": 6}",54,rejected
9164,1871,2,"{""age"": 83, ""income"": ""Colony 12"", ""occupation"": ""unemployed"", ""district"": ""Mungeli"", ""family_size"": 7}",90,approved
9165,1767,4,"{""age"": 32, ""income"": ""Ward 30"", ""occupation"": ""farmer"", ""district"": ""Durg"", ""family_size"": 7}",66,pending_operator_review
9166,1655,3,"{""age"": 24, ""income"": ""Balrampur Nagar"", ""occupation"": ""unemployed"", ""district"": ""Balrampur"", ""family_size"": 5}",63,pending_operator_review
9167,1992,4,"{""age"": 72, ""income"": ""Ward 23"", ""occupation"": ""housewife"", ""district"": ""Surguja"", ""family_size"": 4}",60,pending_operator_review
9168,1479,1,"{""age"": 72, ""income"": ""Colony 5"", ""occupation"": ""unemployed"", ""district"": ""Raipur"", ""family_size"": 6}",76,pending_operator_review
9169,1110,3,"{""age"": 73, ""income"": ""Ward 12"", ""occupation"": ""government employee"", ""district"": ""Bastar"", ""family_size"": 7}",72,pending_operator_review
9170,1198,3,"{""age"": 65, ""income"": ""Raipur Nagar"", ""occupation"": ""driver"", ""district"": ""Raipur"", ""family_size"": 5}",61,pending_operator_review
9171,1044,1,"{""age"": 87, ""income"": ""Bemetara Nagar"", ""occupation"": ""housewife"", ""district"": ""Bemetara"", ""family_size"": 5}",59,rejected
9172,1090,5,"{""age"": 54, ""income"": ""Ward 22"", ""occupation"": ""weaver"", ""district"": ""Balrampur"", ""family_size"": 7}",78,pending_operator_review
9173,1257,4,"{""age"": 24, ""income"": ""Ward 7"", ""occupation"": ""government employee"", ""district"": ""Mahasamund"", ""family_size"": 2}",73,pending_operator_review
9174,1141,1,"{""age"": 36, ""income"": ""Village MM"", ""occupation"": ""labour"", ""district"": ""Bilaspur"", ""family_size"": 4}",70,pending_operator_review
9175,1085,5,"{""age"": 27, ""income"": ""Ward 16"", ""occupation"": ""farmer"", ""district"": ""Bemetara"", ""family_size"": 2}",86,approved
9176,1995,5,"{""age"": 34, ""income"": ""Village DJ"", ""occupation"": ""student"", ""district"": ""Durg"", ""family_size"": 6}",92,approved
9177,1967,1,"{""age"": 84, ""income"": ""Ward 14"", ""occupation"": ""government employee"", ""district"": ""Dantewada"", ""family_size"": 6}",76,pending_operator_review
9178,1384,1,"{""age"": 64, ""income"": ""Ward 2"", ""occupation"": ""labour"", ""district"": ""Jashpur"", ""family_size"": 4}",64,pending_operator_review
9179,1325,5,"{""age"": 77, ""income"": ""Ward 11"", ""occupation"": ""unemployed"", ""district"": ""Sukma"", ""family_size"": 6}",53,rejected
9180,1557,1,"{""age"": 29, ""income"": ""Colony 9"", ""occupation"": ""student"", ""district"": ""Narayanpur"", ""family_size"": 5}",62,pending_operator_review
9181,1935,2,"{""age"": 87, ""income"": ""Colony 6"", ""occupation"": ""student"", ""district"": ""Korba"", ""family_size"": 3}",95,approved
9182,1577,5,"{""age"": 49, ""income"": ""Village FA"", ""occupation"": ""weaver"", ""district"": ""Sukma"", ""family_size"": 8}",77,pending_operator_review
9183,1421,2,"{""age"": 85, ""income"": ""Village WE"", ""occupation"": ""shop owner"", ""district"": ""Kabirdham"", ""family_size"": 3}",81,approved
9184,1688,5,"{""age"": 68, ""income"": ""Village TK"", ""occupation"": ""farmer"", ""district"": ""Janjgir-Champa"", ""family_size"": 1}",99,approved
9185,1286,2,"{""age"": 26, ""income"": ""Ward 4"", ""occupation"": ""labour"", ""district"": ""Jashpur"", ""family_size"": 4}",63,pending_operator_review
9186,1562,1,"{""age"": 80, ""income"": ""Village YX"", ""occupation"": ""labour"", ""district"": ""Surajpur"", ""family_size"": 1}",75,pending_operator_review
9187,1042,5,"{""age"": 29, ""income"": ""Colony 4"", ""occupation"": ""student"", ""district"": ""Kabirdham"", ""family_size"": 2}",97,approved
9188,1844,4,"{""age"": 81, ""income"": ""Colony 14"", ""occupation"": ""teacher"", ""district"": ""Korba"", ""family_size"": 1}",52,rejected
9189,1373,2,"{""age"": 89, ""income"": ""Ward 15"", ""occupation"": ""student"", ""district"": ""Raigarh"", ""family_size"": 3}",88,approved
9190,1084,5,"{""age"": 80, ""income"": ""Colony 9"", ""occupation"": ""driver"", ""district"": ""Surguja"", ""family_size"": 5}",72,pending_operator_review
9191,1471,3,"{""age"": 37, ""income"": ""Colony 13"", ""occupation"": ""government employee"", ""district"": ""Narayanpur"", ""family_size"": 7}",73,pending_operator_review
9192,1633,5,"{""age"": 80, ""income"": ""Colony 14"", ""occupation"": ""unemployed"", ""district"": ""Narayanpur"", ""family_size"": 1}",71,pending_operator_review
9193,1868,2,"{""age"": 62, ""income"": ""Village RD"", ""occupation"": ""unemployed"", ""district"": ""Durg"", ""family_size"": 8}",51,rejected
9194,1721,2,"{""age"": 80, ""income"": ""Colony 3"", ""occupation"": ""farmer"", ""district"": ""Bijapur"", ""family_size"": 6}",89,approved
9195,1636,4,"{""age"": 23, ""income"": ""Colony 9"", ""occupation"": ""government employee"", ""district"": ""Surguja"", ""family_size"": 2}",57,rejected
9196,1822,3,"{""age"": 37, ""income"": ""Sukma Nagar"", ""occupation"": ""teacher"", ""district"": ""Sukma"", ""family_size"": 4}",70,pending_operator_review
9197,1926,5,"{""age"": 59, ""income"": ""Village WX"", ""occupation"": ""student"", ""district"": ""Raipur"", ""family_size"": 4}",52,rejected
9198,1320,1,"{""age"": 79, ""income"": ""Colony 13"", ""occupation"": ""housewife"", ""district"": ""Gariaband"", ""family_size"": 8}",80,approved
9199,1750,3,"{""age"": 44, ""income"": ""Sukma Nagar"", ""occupation"": ""carpenter"", ""district"": ""Sukma"", ""family_size"": 2}",64,pending_operator_review
9200,1042,4,"{""age"": 29, ""income"": ""Colony 4"", ""occupation"": ""student"", ""district"": ""Kabirdham"", ""family_size"": 2}",50,rejected
9201,1610,2,"{""age"": 70, ""income"": ""Ward 22"", ""occupation"": ""carpenter"", ""district"": ""Mungeli"", ""family_size"": 3}",56,rejected
9202,1412,5,"{""age"": 35, ""income"": ""Colony 3"", ""occupation"": ""farmer"", ""district"": ""Janjgir-Champa"", ""family_size"": 8}",68,pending_operator_review
9203,1348,2,"{""age"": 26, ""income"": ""Janjgir-Champa Nagar"", ""occupation"": ""farmer"", ""district"": ""Janjgir-Champa"", ""family_size"": 8}",57,rejected
9204,1290,4,"{""age"": 20, ""income"": ""Mungeli Nagar"", ""occupation"": ""housewife"", ""district"": ""Mungeli"", ""family_size"": 4}",59,rejected
9205,1045,3,"{""age"": 40, ""income"": ""Kondagaon Nagar"", ""occupation"": ""carpenter"", ""district"": ""Kondagaon"", ""family_size"": 4}",55,rejected
9206,1625,2,"{""age"": 89, ""income"": ""Colony 13"", ""occupation"": ""government employee"", ""district"": ""Bemetara"", ""family_size"": 8}",68,pending_operator_review
9207,1255,1,"{""age"": 73, ""income"": ""Village UQ"", ""occupation"": ""driver"", ""district"": ""Surajpur"", ""family_size"": 3}",76,pending_operator_review
9208,1436,4,"{""age"": 54, ""income"": ""Village RU"", ""occupation"": ""student"", ""district"": ""Surguja"", ""family_size"": 6}",75,pending_operator_review
9209,1877,1,"{""age"": 86, ""income"": ""Ward 7"", ""occupation"": ""shop owner"", ""district"": ""Narayanpur"", ""family_size"": 3}",64,pending_operator_review
9210,1207,4,"{""age"": 38, ""income"": ""Dantewada Nagar"", ""occupation"": ""shop owner"", ""district"": ""Dantewada"", ""family_size"": 2}",76,pending_operator_review
9211,1992,3,"{""age"": 72, ""income"": ""Ward 23"", ""occupation"": ""housewife"", ""district"": ""Surguja"", ""family_size"": 6}",82,approved
9212,1023,4,"{""age"": 79, ""income"": ""Ward 28"", ""occupation"": ""unemployed"", ""district"": ""Jashpur"", ""family_size"": 3}",66,pending_operator_review
9213,1465,3,"{""age"": 40, ""income"": ""Ward 23"", ""occupation"": ""shop owner"", ""district"": ""Durg"", ""family_size"": 6}",71,pending_operator_review
9214,1154,4,"{""age"": 38, ""income"": ""Ward 13"", ""occupation"": ""driver"", ""district"": ""Rajnandgaon"", ""family_size"": 8}",58,rejected
9215,1916,1,"{""age"": 47, ""income"": ""Village AT"", ""occupation"": ""farmer"", ""district"": ""Kondagaon"", ""family_size"": 4}",75,pending_operator_review
9216,1645,4,"{""age"": 63, ""income"": ""Colony 1"", ""occupation"": ""government employee"", ""district"": ""Bastar"", ""family_size"": 1}",59,rejected
9217,1466,3,"{""age"": 68, ""income"": ""Jashpur Nagar"", ""occupation"": ""teacher"", ""district"": ""Jashpur"", ""family_size"": 2}",50,rejected
9218,1008,3,"{""age"": 85, ""income"": ""Colony 5"", ""occupation"": ""weaver"", ""district"": ""Surguja"", ""family_size"": 7}",85,approved
9219,1500,1,"{""age"": 87, ""income"": ""Ward 15"", ""occupation"": ""weaver"", ""district"": ""Raigarh"", ""family_size"": 7}",87,approved
9220,1003,3,"{""age"": 71, ""income"": ""Kondagaon Nagar"", ""occupation"": ""government employee"", ""district"": ""Kondagaon"", ""family_size"": 8}",54,rejected
9221,1792,1,"{""age"": 43, ""income"": ""Colony 15"", ""occupation"": ""weaver"", ""district"": ""Surajpur"", ""family_size"": 3}",55,rejected
9222,1715,5,"{""age"": 48, ""income"": ""Ward 21"", ""occupation"": ""housewife"", ""district"": ""Surajpur"", ""family_size"": 2}",74,pending_operator_review
9223,1465,5,"{""age"": 40, ""income"": ""Ward 23"", ""occupation"": ""shop owner"", ""district"": ""Durg"", ""family_size"": 4}",61,pending_operator_review
9224,1996,2,"{""age"": 85, ""income"": ""Raigarh Nagar"", ""occupation"": ""driver"", ""district"": ""Raigarh"", ""family_size"": 6}",100,approved
9225,1193,5,"{""age"": 19, ""income"": ""Ward 15"", ""occupation"": ""unemployed"", ""district"": ""Rajnandgaon"", ""family_size"": 4}",98,approved
9226,1713,2,"{""age"": 83, ""income"": ""Village OU"", ""occupation"": ""self employed"", ""district"": ""Mungeli"", ""family_size"": 1}",90,approved
9227,1886,3,"{""age"": 61, ""income"": ""Bastar Nagar"", ""occupation"": ""self employed"", ""district"": ""Bastar"", ""family_size"": 5}",83,approved
9228,1289,5,"{""age"": 58, ""income"": ""Kanker Nagar"", ""occupation"": ""self employed"", ""district"": ""Kanker"", ""family_size"": 6}",55,rejected
9229,1892,4,"{""age"": 34, ""income"": ""Jashpur Nagar"", ""occupation"": ""weaver"", ""district"": ""Jashpur"", ""family_size"": 6}",80,approved
9230,1838,1,"{""age"": 60, ""income"": ""Durg Nagar"", ""occupation"": ""self employed"", ""district"": ""Durg"", ""family_size"": 8}",87,approved
9231,1304,2,"{""age"": 53, ""income"": ""Colony 4"", ""occupation"": ""carpenter"", ""district"": ""Korba"", ""family_size"": 3}",56,rejected
9232,1724,5,"{""age"": 56, ""income"": ""Colony 13"", ""occupation"": ""labour"", ""district"": ""Mahasamund"", ""family_size"": 4}",52,rejected
9233,1152,3,"{""age"": 74, ""income"": ""Ward 1"", ""occupation"": ""shop owner"", ""district"": ""Kanker"", ""family_size"": 3}",75,pending_operator_review
9234,1700,3,"{""age"": 37, ""income"": ""Ward 5"", ""occupation"": ""weaver"", ""district"": ""Balod"", ""family_size"": 7}",97,approved
9235,1542,3,"{""age"": 69, ""income"": ""Village RG"", ""occupation"": ""unemployed"", ""district"": ""Surajpur"", ""family_size"": 6}",97,approved
9236,1114,5,"{""age"": 77, ""income"": ""Colony 10"", ""occupation"": ""weaver"", ""district"": ""Korba"", ""family_size"": 1}",59,rejected
9237,1739,1,"{""age"": 44, ""income"": ""Ward 4"", ""occupation"": ""self employed"", ""district"": ""Durg"", ""family_size"": 5}",54,rejected
9238,1877,1,"{""age"": 86, ""income"": ""Ward 7"", ""occupation"": ""shop owner"", ""district"": ""Narayanpur"", ""family_size"": 6}",95,approved
9239,1313,5,"{""age"": 29, ""income"": ""Village LQ"", ""occupation"": ""self employed"", ""district"": ""Korba"", ""family_size"": 1}",99,approved
9240,1324,1,"{""age"": 37, ""income"": ""Colony 2"", ""occupation"": ""government employee"", ""district"": ""Bijapur"", ""family_size"": 1}",88,approved
9241,1227,2,"{""age"": 30, ""income"": ""Kabirdham Nagar"", ""occupation"": ""unemployed"", ""district"": ""Kabirdham"", ""family_size"": 5}",75,pending_operator_review
9242,1794,3,"{""age"": 35, ""income"": ""Bijapur Nagar"", ""occupation"": ""driver"", ""district"": ""Bijapur"", ""family_size"": 4}",64,pending_operator_review
9243,1427,2,"{""age"": 74, ""income"": ""Gariaband Nagar"", ""occupation"": ""labour"", ""district"": ""Gariaband"", ""family_size"": 4}",50,rejected
9244,1324,4,"{""age"": 37, ""income"": ""Colony 2"", ""occupation"": ""government employee"", ""district"": ""Bijapur"", ""family_size"": 6}",94,approved
9245,1310,2,"{""age"": 23, ""income"": ""Ward 7"", ""occupation"": ""driver"", ""district"": ""Dantewada"", ""family_size"": 8}",94,approved
9246,1892,1,"{""age"": 34, ""income"": ""Jashpur Nagar"", ""occupation"": ""weaver"", ""district"": ""Jashpur"", ""family_size"": 1}",86,approved
9247,1840,5,"{""age"": 45, ""income"": ""Mahasamund Nagar"", ""occupation"": ""farmer"", ""district"": ""Mahasamund"", ""family_size"": 5}",57,rejected
9248,1416,3,"{""age"": 24, ""income"": ""Colony 8"", ""occupation"": ""self employed"", ""district"": ""Bilaspur"", ""family_size"": 4}",78,pending_operator_review
9249,1952,4,"{""age"": 55, ""income"": ""Village GE"", ""occupation"": ""housewife"", ""district"": ""Bijapur"", ""family_size"": 1}",90,approved
9250,1663,2,"{""age"": 85, ""income"": ""Village PW"", ""occupation"": ""labour"", ""district"": ""Narayanpur"", ""family_size"": 2}",100,approved
9251,1474,1,"{""age"": 45, ""income"": ""Gariaband Nagar"", ""occupation"": ""labour"", ""district"": ""Gariaband"", ""family_size"": 5}",78,pending_operator_review
9252,1063,1,"{""age"": 69, ""income"": ""Bilaspur Nagar"", ""occupation"": ""government employee"", ""district"": ""Bilaspur"", ""family_size"": 3}",71,pending_operator_review
9253,1721,5,"{""age"": 80, ""income"": ""Colony 3"", ""occupation"": ""farmer"", ""district"": ""Bijapur"", ""family_size"": 3}",85,approved
9254,1921,2,"{""age"": 71, ""income"": ""Colony 5"", ""occupation"": ""labour"", ""district"": ""Kanker"", ""family_size"": 4}",90,approved
9255,1840,5,"{""age"": 45, ""income"": ""Mahasamund Nagar"", ""occupation"": ""farmer"", ""district"": ""Mahasamund"", ""family_size"": 8}",55,rejected
9256,1460,5,"{""age"": 50, ""income"": ""Raigarh Nagar"", ""occupation"": ""housewife"", ""district"": ""Raigarh"", ""family_size"": 6}",74,pending_operator_review
9257,1542,1,"{""age"": 69, ""income"": ""Village RG"", ""occupation"": ""unemployed"", ""district"": ""Surajpur"", ""family_size"": 8}",74,pending_operator_review
9258,1620,4,"{""age"": 22, ""income"": ""Surajpur Nagar"", ""occupation"": ""farmer"", ""district"": ""Surajpur"", ""family_size"": 6}",52,rejected
9259,1364,5,"{""age"": 26, ""income"": ""Village ZF"", ""occupation"": ""housewife"", ""district"": ""Janjgir-Champa"", ""family_size"": 2}",81,approved
9260,1975,2,"{""age"": 19, ""income"": ""Colony 7"", ""occupation"": ""driver"", ""district"": ""Raigarh"", ""family_size"": 4}",51,rejected
9261,1782,1,"{""age"": 56, ""income"": ""Narayanpur Nagar"", ""occupation"": ""student"", ""district"": ""Narayanpur"", ""family_size"": 1}",93,approved
9262,1356,3,"{""age"": 60, ""income"": ""Kanker Nagar"", ""occupation"": ""teacher"", ""district"": ""Kanker"", ""family_size"": 2}",99,approved
9263,1388,5,"{""age"": 79, ""income"": ""Village GG"", ""occupation"": ""weaver"", ""district"": ""Rajnandgaon"", ""family_size"": 4}",65,pending_operator_review
9264,1735,1,"{""age"": 54, ""income"": ""Bilaspur Nagar"", ""occupation"": ""teacher"", ""district"": ""Bilaspur"", ""family_size"": 8}",87,approved
9265,1217,4,"{""age"": 39, ""income"": ""Colony 1"", ""occupation"": ""self employed"", ""district"": ""Gariaband"", ""family_size"": 5}",91,approved
9266,1512,1,"{""age"": 26, ""income"": ""Rajnandgaon Nagar"", ""occupation"": ""carpenter"", ""district"": ""Rajnandgaon"", ""family_size"": 5}",96,approved
9267,1308,1,"{""age"": 48, ""income"": ""Village XQ"", ""occupation"": ""government employee"", ""district"": ""Bijapur"", ""family_size"": 7}",72,pending_operator_review
9268,1722,3,"{""age"": 31, ""income"": ""Village JF"", ""occupation"": ""farmer"", ""district"": ""Kondagaon"", ""family_size"": 6}",59,rejected
9269,1758,3,"{""age"": 31, ""income"": ""Ward 30"", ""occupation"": ""student"", ""district"": ""Jashpur"", ""family_size"": 4}",73,pending_operator_review
9270,1479,1,"{""age"": 72, ""income"": ""Colony 5"", ""occupation"": ""unemployed"", ""district"": ""Raipur"", ""family_size"": 8}",74,pending_operator_review
9271,1886,3,"{""age"": 61, ""income"": ""Bastar Nagar"", ""occupation"": ""self employed"", ""district"": ""Bastar"", ""family_size"": 1}",86,approved
9272,1268,4,"{""age"": 75, ""income"": ""Village YA"", ""occupation"": ""labour"", ""district"": ""Durg"", ""family_size"": 3}",50,rejected
9273,1481,5,"{""age"": 52, ""income"": ""Village PA"", ""occupation"": ""unemployed"", ""district"": ""Korba"", ""family_size"": 6}",77,pending_operator_review
9274,1151,2,"{""age"": 41, ""income"": ""Colony 7"", ""occupation"": ""weaver"", ""district"": ""Kabirdham"", ""family_size"": 8}",57,rejected
9275,1595,2,"{""age"": 40, ""income"": ""Colony 2"", ""occupation"": ""government employee"", ""district"": ""Rajnandgaon"", ""family_size"": 7}",51,rejected
9276,1779,2,"{""age"": 21, ""income"": ""Village YM"", ""occupation"": ""teacher"", ""district"": ""Bastar"", ""family_size"": 7}",100,approved
9277,1758,1,"{""age"": 31, ""income"": ""Ward 30"", ""occupation"": ""student"", ""district"": ""Jashpur"", ""family_size"": 2}",85,approved
9278,1447,5,"{""age"": 72, ""income"": ""Village TT"", ""occupation"": ""teacher"", ""district"": ""Jashpur"", ""family_size"": 1}",97,approved
9279,1121,1,"{""age"": 54, ""income"": ""Colony 13"", ""occupation"": ""government employee"", ""district"": ""Janjgir-Champa"", ""family_size"": 4}",77,pending_operator_review
9280,1859,1,"{""age"": 38, ""income"": ""Colony 9"", ""occupation"": ""weaver"", ""district"": ""Kanker"", ""family_size"": 2}",87,approved
9281,1286,5,"{""age"": 26, ""income"": ""Ward 4"", ""occupation"": ""labour"", ""district"": ""Jashpur"", ""family_size"": 1}",85,approved
9282,1069,4,"{""age"": 68, ""income"": ""Bijapur Nagar"", ""occupation"": ""housewife"", ""district"": ""Bijapur"", ""family_size"": 1}",53,rejected
9283,1894,2,"{""age"": 29, ""income"": ""Village WE"", ""occupation"": ""housewife"", ""district"": ""Rajnandgaon"", ""family_size"": 3}",81,approved
9284,1707,4,"{""age"": 67, ""income"": ""Colony 6"", ""occupation"": ""unemployed"", ""district"": ""Kanker"", ""family_size"": 3}",83,approved
9285,1025,3,"{""age"": 32, ""income"": ""Ward 30"", ""occupation"": ""weaver"", ""district"": ""Korba"", ""family_size"": 8}",79,pending_operator_review
9286,1844,4,"{""age"": 81, ""income"": ""Colony 14"", ""occupation"": ""teacher"", ""district"": ""Korba"", ""family_size"": 8}",100,approved
9287,1051,1,"{""age"": 20, ""income"": ""Ward 28"", ""occupation"": ""self employed"", ""district"": ""Bilaspur"", ""family_size"": 5}",92,approved
9288,1603,4,"{""age"": 51, ""income"": ""Colony 7"", ""occupation"": ""housewife"", ""district"": ""Kabirdham"", ""family_size"": 3}",94,approved
9289,1395,5,"{""age"": 24, ""income"": ""Colony 1"", ""occupation"": ""teacher"", ""district"": ""Mungeli"", ""family_size"": 3}",56,rejected
9290,1108,5,"{""age"": 20, ""income"": ""Colony 15"", ""occupation"": ""unemployed"", ""district"": ""Dantewada"", ""family_size"": 6}",77,pending_operator_review
9291,1664,5,"{""age"": 83, ""income"": ""Baloda Bazar Nagar"", ""occupation"": ""weaver"", ""district"": ""Baloda Bazar"", ""family_size"": 7}",69,pending_operator_review
9292,1445,1,"{""age"": 43, ""income"": ""Dantewada Nagar"", ""occupation"": ""unemployed"", ""district"": ""Dantewada"", ""family_size"": 8}",78,pending_operator_review
9293,1208,3,"{""age"": 67, ""income"": ""Colony 6"", ""occupation"": ""labour"", ""district"": ""Surguja"", ""family_size"": 6}",74,pending_operator_review
9294,1713,5,"{""age"": 83, ""income"": ""Village OU"", ""occupation"": ""self employed"", ""district"": ""Mungeli"", ""family_size"": 2}",87,approved
9295,1838,2,"{""age"": 60, ""income"": ""Durg Nagar"", ""occupation"": ""self employed"", ""district"": ""Durg"", ""family_size"": 3}",52,rejected
9296,1363,1,"{""age"": 86, ""income"": ""Ward 16"", ""occupation"": ""teacher"", ""district"": ""Bastar"", ""family_size"": 4}",73,pending_operator_review
9297,1411,2,"{""age"": 79, ""income"": ""Ward 10"", ""occupation"": ""self employed"", ""district"": ""Kabirdham"", ""family_size"": 8}",68,pending_operator_review
9298,1749,5,"{""age"": 81, ""income"": ""Ward 4"", ""occupation"": ""driver"", ""district"": ""Korba"", ""family_size"": 3}",72,pending_operator_review
9299,1046,1,"{""age"": 77, ""income"": ""Ward 10"", ""occupation"": ""driver"", ""district"": ""Durg"", ""family_size"": 8}",72,pending_operator_review
9300,1109,4,"{""age"": 24, ""income"": ""Colony 12"", ""occupation"": ""unemployed"", ""district"": ""Bemetara"", ""family_size"": 8}",97,approved
9301,1273,5,"{""age"": 33, ""income"": ""Village ZP"", ""occupation"": ""unemployed"", ""district"": ""Raigarh"", ""family_size"": 7}",90,approved
9302,1485,2,"{""age"": 20, ""income"": ""Village KO"", ""occupation"": ""government employee"", ""district"": ""Narayanpur"", ""family_size"": 6}",84,approved
9303,1124,5,"{""age"": 36, ""income"": ""Village XQ"", ""occupation"": ""teacher"", ""district"": ""Narayanpur"", ""family_size"": 3}",96,approved
9304,1116,4,"{""age"": 89, ""income"": ""Ward 8"", ""occupation"": ""student"", ""district"": ""Janjgir-Champa"", ""family_size"": 8}",66,pending_operator_review
9305,1522,4,"{""age"": 85, ""income"": ""Bilaspur Nagar"", ""occupation"": ""teacher"", ""district"": ""Bilaspur"", ""family_size"": 5}",81,approved
9306,1462,5,"{""age"": 27, ""income"": ""Village CC"", ""occupation"": ""teacher"", ""district"": ""Balod"", ""family_size"": 4}",73,pending_operator_review
9307,1885,5,"{""age"": 63, ""income"": ""Colony 8"", ""occupation"": ""driver"", ""district"": ""Sukma"", ""family_size"": 6}",91,approved
9308,1564,3,"{""age"": 81, ""income"": ""Colony 3"", ""occupation"": ""shop owner"", ""district"": ""Janjgir-Champa"", ""family_size"": 4}",84,approved
9309,1241,3,"{""age"": 63, ""income"": ""Ward 14"", ""occupation"": ""carpenter"", ""district"": ""Bijapur"", ""family_size"": 7}",88,approved
9310,1593,5,"{""age"": 80, ""income"": ""Durg Nagar"", ""occupation"": ""carpenter"", ""district"": ""Durg"", ""family_size"": 8}",98,approved
9311,1128,2,"{""age"": 23, ""income"": ""Colony 6"", ""occupation"": ""driver"", ""district"": ""Jashpur"", ""family_size"": 6}",59,rejected
9312,1792,1,"{""age"": 43, ""income"": ""Colony 15"", ""occupation"": ""weaver"", ""district"": ""Surajpur"", ""family_size"": 2}",89,approved
9313,1205,1,"{""age"": 66, ""income"": ""Colony 14"", ""occupation"": ""housewife"", ""district"": ""Raigarh"", ""family_size"": 7}",66,pending_operator_review
9314,1437,5,"{""age"": 75, ""income"": ""Korba Nagar"", ""occupation"": ""carpenter"", ""district"": ""Korba"", ""family_size"": 2}",59,rejected
9315,1391,4,"{""age"": 29, ""income"": ""Colony 14"", ""occupation"": ""shop owner"", ""district"": ""Kondagaon"", ""family_size"": 2}",86,approved
9316,1092,5,"{""age"": 66, ""income"": ""Durg Nagar"", ""occupation"": ""government employee"", ""district"": ""Durg"", ""family_size"": 7}",87,approved
9317,1590,2,"{""age"": 22, ""income"": ""Ward 3"", ""occupation"": ""government employee"", ""district"": ""Dantewada"", ""family_size"": 4}",73,pending_operator_review
9318,1245,1,"{""age"": 24, ""income"": ""Ward 21"", ""occupation"": ""carpenter"", ""district"": ""Bastar"", ""family_size"": 4}",90,approved
9319,1079,2,"{""age"": 51, ""income"": ""Village UT"", ""occupation"": ""weaver"", ""district"": ""Kanker"", ""family_size"": 8}",85,approved
9320,1222,1,"{""age"": 77, ""income"": ""Village WL"", ""occupation"": ""weaver"", ""district"": ""Kabirdham"", ""family_size"": 6}",91,approved
9321,1403,5,"{""age"": 50, ""income"": ""Colony 14"", ""occupation"": ""driver"", ""district"": ""Gariaband"", ""family_size"": 3}",82,approved
9322,1817,4,"{""age"": 64, ""income"": ""Colony 11"", ""occupation"": ""shop owner"", ""district"": ""Bilaspur"", ""family_size"": 6}",64,pending_operator_review
9323,1242,3,"{""age"": 73, ""income"": ""Colony 3"", ""occupation"": ""student"", ""district"": ""Sukma"", ""family_size"": 6}",61,pending_operator_review
9324,1434,2,"{""age"": 21, ""income"": ""Village BG"", ""occupation"": ""self employed"", ""district"": ""Balrampur"", ""family_size"": 1}",58,rejected
9325,1613,3,"{""age"": 61, ""income"": ""Ward 9"", ""occupation"": ""teacher"", ""district"": ""Balod"", ""family_size"": 8}",66,pending_operator_review
9326,1492,5,"{""age"": 64, ""income"": ""Bilaspur Nagar"", ""occupation"": ""self employed"", ""district"": ""Bilaspur"", ""family_size"": 2}",57,rejected
9327,1191,5,"{""age"": 47, ""income"": ""Village RL"", ""occupation"": ""carpenter"", ""district"": ""Rajnandgaon"", ""family_size"": 3}",75,pending_operator_review
9328,1606,5,"{""age"": 86, ""income"": ""Ward 16"", ""occupation"": ""government employee"", ""district"": ""Rajnandgaon"", ""family_size"": 4}",68,pending_operator_review
9329,1764,3,"{""age"": 86, ""income"": ""Village RO"", ""occupation"": ""housewife"", ""district"": ""Raigarh"", ""family_size"": 2}",78,pending_operator_review
9330,1237,5,"{""age"": 58, ""income"": ""Ward 6"", ""occupation"": ""driver"", ""district"": ""Kondagaon"", ""family_size"": 3}",58,rejected
9331,1141,5,"{""age"": 36, ""income"": ""Village MM"", ""occupation"": ""labour"", ""district"": ""Bilaspur"", ""family_size"": 4}",55,rejected
9332,1452,4,"{""age"": 81, ""income"": ""Village GG"", ""occupation"": ""driver"", ""district"": ""Bijapur"", ""family_size"": 7}",71,pending_operator_review
9333,1928,1,"{""age"": 37, ""income"": ""Village BC"", ""occupation"": ""student"", ""district"": ""Bilaspur"", ""family_size"": 4}",86,approved
9334,1667,3,"{""age"": 50, ""income"": ""Bastar Nagar"", ""occupation"": ""shop owner"", ""district"": ""Bastar"", ""family_size"": 8}",73,pending_operator_review
9335,1857,1,"{""age"": 42, ""income"": ""Colony 4"", ""occupation"": ""weaver"", ""district"": ""Balrampur"", ""family_size"": 6}",70,pending_operator_review
9336,1989,4,"{""age"": 47, ""income"": ""Village EN"", ""occupation"": ""housewife"", ""district"": ""Mungeli"", ""family_size"": 8}",96,approved
9337,1495,5,"{""age"": 60, ""income"": ""Village SN"", ""occupation"": ""student"", ""district"": ""Korba"", ""family_size"": 2}",79,pending_operator_review
9338,1308,2,"{""age"": 48, ""income"": ""Village XQ"", ""occupation"": ""government employee"", ""district"": ""Bijapur"", ""family_size"": 2}",58,rejected
9339,1686,3,"{""age"": 67, ""income"": ""Colony 7"", ""occupation"": ""self employed"", ""district"": ""Mahasamund"", ""family_size"": 4}",69,pending_operator_review
9340,1657,3,"{""age"": 78, ""income"": ""Colony 6"", ""occupation"": ""government employee"", ""district"": ""Bemetara"", ""family_size"": 4}",72,pending_operator_review
9341,1254,5,"{""age"": 85, ""income"": ""Village BR"", ""occupation"": ""student"", ""district"": ""Rajnandgaon"", ""family_size"": 2}",54,rejected
9342,1707,3,"{""age"": 67, ""income"": ""Colony 6"", ""occupation"": ""unemployed"", ""district"": ""Kanker"", ""family_size"": 8}",72,pending_operator_review
9343,1033,5,"{""age"": 58, ""income"": ""Colony 5"", ""occupation"": ""government employee"", ""district"": ""Gariaband"", ""family_size"": 3}",79,pending_operator_review
9344,1162,1,"{""age"": 39, ""income"": ""Raigarh Nagar"", ""occupation"": ""self employed"", ""district"": ""Raigarh"", ""family_size"": 5}",82,approved
9345,1036,2,"{""age"": 81, ""income"": ""Village AE"", ""occupation"": ""government employee"", ""district"": ""Kondagaon"", ""family_size"": 7}",87,approved
9346,1719,3,"{""age"": 90, ""income"": ""Mahasamund Nagar"", ""occupation"": ""carpenter"", ""district"": ""Mahasamund"", ""family_size"": 8}",91,approved
9347,1361,4,"{""age"": 44, ""income"": ""Ward 24"", ""occupation"": ""teacher"", ""district"": ""Bijapur"", ""family_size"": 3}",89,approved
9348,1263,2,"{""age"": 23, ""income"": ""Village YW"", ""occupation"": ""driver"", ""district"": ""Mahasamund"", ""family_size"": 4}",86,approved
9349,1103,4,"{""age"": 75, ""income"": ""Village CW"", ""occupation"": ""teacher"", ""district"": ""Jashpur"", ""family_size"": 7}",100,approved
9350,1472,1,"{""age"": 66, ""income"": ""Kabirdham Nagar"", ""occupation"": ""housewife"", ""district"": ""Kabirdham"", ""family_size"": 6}",70,pending_operator_review
9351,1017,4,"{""age"": 53, ""income"": ""Ward 7"", ""occupation"": ""unemployed"", ""district"": ""Bilaspur"", ""family_size"": 5}",64,pending_operator_review
9352,1793,5,"{""age"": 20, ""income"": ""Village YD"", ""occupation"": ""self employed"", ""district"": ""Sukma"", ""family_size"": 5}",67,pending_operator_review
9353,1822,1,"{""age"": 37, ""income"": ""Sukma Nagar"", ""occupation"": ""teacher"", ""district"": ""Sukma"", ""family_size"": 1}",100,approved
9354,1735,1,"{""age"": 54, ""income"": ""Bilaspur Nagar"", ""occupation"": ""teacher"", ""district"": ""Bilaspur"", ""family_size"": 1}",69,pending_operator_review
9355,1150,4,"{""age"": 34, ""income"": ""Village SN"", ""occupation"": ""housewife"", ""district"": ""Bijapur"", ""family_size"": 8}",66,pending_operator_review
9356,1638,2,"{""age"": 82, ""income"": ""Village QX"", ""occupation"": ""weaver"", ""district"": ""Kondagaon"", ""family_size"": 6}",67,pending_operator_review
9357,1862,5,"{""age"": 69, ""income"": ""Mungeli Nagar"", ""occupation"": ""shop owner"", ""district"": ""Mungeli"", ""family_size"": 3}",57,rejected
9358,1943,1,"{""age"": 75, ""income"": ""Village JJ"", ""occupation"": ""unemployed"", ""district"": ""Durg"", ""family_size"": 2}",83,approved
9359,1819,1,"{""age"": 72, ""income"": ""Janjgir-Champa Nagar"", ""occupation"": ""student"", ""district"": ""Janjgir-Champa"", ""family_size"": 7}",89,approved
9360,1916,5,"{""age"": 47, ""income"": ""Village AT"", ""occupation"": ""farmer"", ""district"": ""Kondagaon"", ""family_size"": 2}",63,pending_operator_review
9361,1983,2,"{""age"": 68, ""income"": ""Village ZF"", ""occupation"": ""labour"", ""district"": ""Kondagaon"", ""family_size"": 4}",73,pending_operator_review
9362,1460,3,"{""age"": 50, ""income"": ""Raigarh Nagar"", ""occupation"": ""housewife"", ""district"": ""Raigarh"", ""family_size"": 4}",83,approved
9363,1315,5,"{""age"": 66, ""income"": ""Ward 21"", ""occupation"": ""shop owner"", ""district"": ""Bastar"", ""family_size"": 2}",56,rejected
9364,1092,3,"{""age"": 66, ""income"": ""Durg Nagar"", ""occupation"": ""government employee"", ""district"": ""Durg"", ""family_size"": 8}",52,rejected
9365,1876,2,"{""age"": 54, ""income"": ""Mungeli Nagar"", ""occupation"": ""unemployed"", ""district"": ""Mungeli"", ""family_size"": 5}",79,pending_operator_review
9366,1379,4,"{""age"": 37, ""income"": ""Village QF"", ""occupation"": ""weaver"", ""district"": ""Raipur"", ""family_size"": 1}",91,approved
9367,1095,4,"{""age"": 57, ""income"": ""Raigarh Nagar"", ""occupation"": ""unemployed"", ""district"": ""Raigarh"", ""family_size"": 5}",93,approved
9368,1166,4,"{""age"": 29, ""income"": ""Raigarh Nagar"", ""occupation"": ""driver"", ""district"": ""Raigarh"", ""family_size"": 3}",69,pending_operator_review
9369,1853,3,"{""age"": 71, ""income"": ""Ward 16"", ""occupation"": ""unemployed"", ""district"": ""Balrampur"", ""family_size"": 6}",68,pending_operator_review
9370,1427,2,"{""age"": 74, ""income"": ""Gariaband Nagar"", ""occupation"": ""labour"", ""district"": ""Gariaband"", ""family_size"": 1}",61,pending_operator_review
9371,1985,1,"{""age"": 53, ""income"": ""Ward 26"", ""occupation"": ""self employed"", ""district"": ""Bijapur"", ""family_size"": 4}",71,pending_operator_review
9372,1727,3,"{""age"": 46, ""income"": ""Kanker Nagar"", ""occupation"": ""housewife"", ""district"": ""Kanker"", ""family_size"": 7}",89,approved
9373,1727,2,"{""age"": 46, ""income"": ""Kanker Nagar"", ""occupation"": ""housewife"", ""district"": ""Kanker"", ""family_size"": 3}",92,approved
9374,1256,5,"{""age"": 85, ""income"": ""Village RB"", ""occupation"": ""teacher"", ""district"": ""Janjgir-Champa"", ""family_size"": 5}",50,rejected
9375,1502,1,"{""age"": 25, ""income"": ""Village GG"", ""occupation"": ""unemployed"", ""district"": ""Surguja"", ""family_size"": 8}",65,pending_operator_review
9376,1683,3,"{""age"": 23, ""income"": ""Colony 10"", ""occupation"": ""farmer"", ""district"": ""Narayanpur"", ""family_size"": 4}",67,pending_operator_review
9377,1395,4,"{""age"": 24, ""income"": ""Colony 1"", ""occupation"": ""teacher"", ""district"": ""Mungeli"", ""family_size"": 1}",89,approved
9378,1949,3,"{""age"": 85, ""income"": ""Ward 21"", ""occupation"": ""shop owner"", ""district"": ""Jashpur"", ""family_size"": 5}",80,approved
9379,1702,1,"{""age"": 31, ""income"": ""Ward 21"", ""occupation"": ""farmer"", ""district"": ""Gariaband"", ""family_size"": 1}",76,pending_operator_review
9380,1052,2,"{""age"": 75, ""income"": ""Village LO"", ""occupation"": ""carpenter"", ""district"": ""Narayanpur"", ""family_size"": 2}",53,rejected
9381,1453,5,"{""age"": 19, ""income"": ""Ward 28"", ""occupation"": ""farmer"", ""district"": ""Kondagaon"", ""family_size"": 6}",56,rejected
9382,1401,2,"{""age"": 61, ""income"": ""Village YV"", ""occupation"": ""student"", ""district"": ""Surajpur"", ""family_size"": 6}",58,rejected
9383,1077,3,"{""age"": 77, ""income"": ""Ward 13"", ""occupation"": ""government employee"", ""district"": ""Bijapur"", ""family_size"": 2}",97,approved
9384,1182,1,"{""age"": 54, ""income"": ""Ward 28"", ""occupation"": ""government employee"", ""district"": ""Korba"", ""family_size"": 3}",60,pending_operator_review
9385,1299,1,"{""age"": 50, ""income"": ""Colony 2"", ""occupation"": ""housewife"", ""district"": ""Jashpur"", ""family_size"": 8}",71,pending_operator_review
9386,1409,1,"{""age"": 74, ""income"": ""Colony 12"", ""occupation"": ""housewife"", ""district"": ""Bijapur"", ""family_size"": 7}",82,approved
9387,1043,5,"{""age"": 49, ""income"": ""Village YS"", ""occupation"": ""unemployed"", ""district"": ""Sukma"", ""family_size"": 6}",77,pending_operator_review
9388,1260,1,"{""age"": 55, ""income"": ""Raigarh Nagar"", ""occupation"": ""housewife"", ""district"": ""Raigarh"", ""family_size"": 6}",67,pending_operator_review
9389,1125,2,"{""age"": 73, ""income"": ""Village ZF"", ""occupation"": ""shop owner"", ""district"": ""Bastar"", ""family_size"": 4}",93,approved
9390,1202,4,"{""age"": 24, ""income"": ""Ward 1"", ""occupation"": ""housewife"", ""district"": ""Jashpur"", ""family_size"": 7}",73,pending_operator_review
9391,1749,1,"{""age"": 81, ""income"": ""Ward 4"", ""occupation"": ""driver"", ""district"": ""Korba"", ""family_size"": 3}",83,approved
9392,1349,5,"{""age"": 45, ""income"": ""Colony 12"", ""occupation"": ""labour"", ""district"": ""Rajnandgaon"", ""family_size"": 2}",71,pending_operator_review
9393,1927,4,"{""age"": 42, ""income"": ""Village WN"", ""occupation"": ""farmer"", ""district"": ""Kondagaon"", ""family_size"": 6}",85,approved
9394,1120,4,"{""age"": 89, ""income"": ""Narayanpur Nagar"", ""occupation"": ""housewife"", ""district"": ""Narayanpur"", ""family_size"": 2}",92,approved
9395,1383,4,"{""age"": 30, ""income"": ""Village AK"", ""occupation"": ""driver"", ""district"": ""Durg"", ""family_size"": 3}",86,approved
9396,1061,3,"{""age"": 51, ""income"": ""Kanker Nagar"", ""occupation"": ""driver"", ""district"": ""Kanker"", ""family_size"": 3}",97,approved
9397,1823,3,"{""age"": 84, ""income"": ""Durg Nagar"", ""occupation"": ""driver"", ""district"": ""Durg"", ""family_size"": 3}",60,pending_operator_review
9398,1088,5,"{""age"": 79, ""income"": ""Ward 28"", ""occupation"": ""unemployed"", ""district"": ""Surajpur"", ""family_size"": 2}",91,approved
9399,1703,1,"{""age"": 26, ""income"": ""Ward 5"", ""occupation"": ""farmer"", ""district"": ""Sukma"", ""family_size"": 5}",60,pending_operator_review
9400,1585,5,"{""age"": 42, ""income"": ""Ward 7"", ""occupation"": ""farmer"", ""district"": ""Durg"", ""family_size"": 5}",82,approved
9401,1116,3,"{""age"": 89, ""income"": ""Ward 8"", ""occupation"": ""student"", ""district"": ""Janjgir-Champa"", ""family_size"": 2}",68,pending_operator_review
9402,1008,1,"{""age"": 85, ""income"": ""Colony 5"", ""occupation"": ""weaver"", ""district"": ""Surguja"", ""family_size"": 4}",82,approved
9403,1985,3,"{""age"": 53, ""income"": ""Ward 26"", ""occupation"": ""self employed"", ""district"": ""Bijapur"", ""family_size"": 7}",86,approved
9404,1596,2,"{""age"": 75, ""income"": ""Ward 9"", ""occupation"": ""labour"", ""district"": ""Gariaband"", ""family_size"": 2}",68,pending_operator_review
9405,1876,2,"{""age"": 54, ""income"": ""Mungeli Nagar"", ""occupation"": ""unemployed"", ""district"": ""Mungeli"", ""family_size"": 7}",70,pending_operator_review
9406,1158,1,"{""age"": 22, ""income"": ""Colony 8"", ""occupation"": ""labour"", ""district"": ""Jashpur"", ""family_size"": 2}",60,pending_operator_review
9407,1841,1,"{""age"": 81, ""income"": ""Ward 8"", ""occupation"": ""labour"", ""district"": ""Janjgir-Champa"", ""family_size"": 2}",78,pending_operator_review
9408,1310,1,"{""age"": 23, ""income"": ""Ward 7"", ""occupation"": ""driver"", ""district"": ""Dantewada"", ""family_size"": 3}",53,rejected
9409,1635,5,"{""age"": 80, ""income"": ""Ward 24"", ""occupation"": ""driver"", ""district"": ""Dantewada"", ""family_size"": 5}",94,approved
9410,1315,4,"{""age"": 66, ""income"": ""Ward 21"", ""occupation"": ""shop owner"", ""district"": ""Bastar"", ""family_size"": 7}",75,pending_operator_review
9411,1373,5,"{""age"": 89, ""income"": ""Ward 15"", ""occupation"": ""student"", ""district"": ""Raigarh"", ""family_size"": 5}",84,approved
9412,1076,5,"{""age"": 24, ""income"": ""Village WX"", ""occupation"": ""teacher"", ""district"": ""Korba"", ""family_size"": 3}",79,pending_operator_review
9413,1192,5,"{""age"": 85, ""income"": ""Colony 9"", ""occupation"": ""government employee"", ""district"": ""Mungeli"", ""family_size"": 2}",65,pending_operator_review
9414,1678,4,"{""age"": 90, ""income"": ""Kabirdham Nagar"", ""occupation"": ""labour"", ""district"": ""Kabirdham"", ""family_size"": 8}",92,approved
9415,1335,5,"{""age"": 19, ""income"": ""Kabirdham Nagar"", ""occupation"": ""shop owner"", ""district"": ""Kabirdham"", ""family_size"": 2}",76,pending_operator_review
9416,1320,3,"{""age"": 79, ""income"": ""Colony 13"", ""occupation"": ""housewife"", ""district"": ""Gariaband"", ""family_size"": 2}",70,pending_operator_review
9417,1196,2,"{""age"": 42, ""income"": ""Ward 6"", ""occupation"": ""unemployed"", ""district"": ""Surguja"", ""family_size"": 2}",85,approved
9418,1671,1,"{""age"": 75, ""income"": ""Colony 12"", ""occupation"": ""farmer"", ""district"": ""Durg"", ""family_size"": 2}",56,rejected
9419,1196,1,"{""age"": 42, ""income"": ""Ward 6"", ""occupation"": ""unemployed"", ""district"": ""Surguja"", ""family_size"": 6}",58,rejected
9420,1223,1,"{""age"": 33, ""income"": ""Ward 26"", ""occupation"": ""weaver"", ""district"": ""Balod"", ""family_size"": 6}",75,pending_operator_review
9421,1849,5,"{""age"": 54, ""income"": ""Ward 16"", ""occupation"": ""weaver"", ""district"": ""Raigarh"", ""family_size"": 3}",65,pending_operator_review
9422,1297,2,"{""age"": 63, ""income"": ""Colony 6"", ""occupation"": ""farmer"", ""district"": ""Rajnandgaon"", ""family_size"": 5}",95,approved
9423,1997,1,"{""age"": 19, ""income"": ""Narayanpur Nagar"", ""occupation"": ""government employee"", ""district"": ""Narayanpur"", ""family_size"": 3}",59,rejected
9424,1903,3,"{""age"": 33, ""income"": ""Durg Nagar"", ""occupation"": ""student"", ""district"": ""Durg"", ""family_size"": 7}",61,pending_operator_review
9425,1966,4,"{""age"": 62, ""income"": ""Village HG"", ""occupation"": ""carpenter"", ""district"": ""Dantewada"", ""family_size"": 8}",55,rejected
9426,1645,2,"{""age"": 63, ""income"": ""Colony 1"", ""occupation"": ""government employee"", ""district"": ""Bastar"", ""family_size"": 3}",50,rejected
9427,1143,3,"{""age"": 21, ""income"": ""Ward 22"", ""occupation"": ""student"", ""district"": ""Bemetara"", ""family_size"": 4}",98,approved
9428,1903,3,"{""age"": 33, ""income"": ""Durg Nagar"", ""occupation"": ""student"", ""district"": ""Durg"", ""family_size"": 3}",65,pending_operator_review
9429,1550,4,"{""age"": 71, ""income"": ""Ward 23"", ""occupation"": ""government employee"", ""district"": ""Narayanpur"", ""family_size"": 8}",52,rejected
9430,1834,4,"{""age"": 88, ""income"": ""Ward 14"", ""occupation"": ""teacher"", ""district"": ""Sukma"", ""family_size"": 8}",74,pending_operator_review
9431,1031,3,"{""age"": 29, ""income"": ""Colony 10"", ""occupation"": ""driver"", ""district"": ""Surguja"", ""family_size"": 3}",89,approved
9432,1941,2,"{""age"": 69, ""income"": ""Colony 1"", ""occupation"": ""self employed"", ""district"": ""Durg"", ""family_size"": 8}",90,approved
9433,1724,4,"{""age"": 56, ""income"": ""Colony 13"", ""occupation"": ""labour"", ""district"": ""Mahasamund"", ""family_size"": 7}",80,approved
9434,1310,1,"{""age"": 23, ""income"": ""Ward 7"", ""occupation"": ""driver"", ""district"": ""Dantewada"", ""family_size"": 8}",81,approved
9435,1884,2,"{""age"": 33, ""income"": ""Colony 7"", ""occupation"": ""teacher"", ""district"": ""Balod"", ""family_size"": 2}",52,rejected
9436,1460,3,"{""age"": 50, ""income"": ""Raigarh Nagar"", ""occupation"": ""housewife"", ""district"": ""Raigarh"", ""family_size"": 3}",100,approved
9437,1300,1,"{""age"": 37, ""income"": ""Village ZQ"", ""occupation"": ""weaver"", ""district"": ""Narayanpur"", ""family_size"": 1}",65,pending_operator_review
9438,1853,2,"{""age"": 71, ""income"": ""Ward 16"", ""occupation"": ""unemployed"", ""district"": ""Balrampur"", ""family_size"": 1}",100,approved
9439,1380,1,"{""age"": 77, ""income"": ""Colony 1"", ""occupation"": ""unemployed"", ""district"": ""Kondagaon"", ""family_size"": 1}",94,approved
9440,1690,5,"{""age"": 49, ""income"": ""Colony 5"", ""occupation"": ""carpenter"", ""district"": ""Rajnandgaon"", ""family_size"": 8}",59,rejected
9441,1291,4,"{""age"": 62, ""income"": ""Durg Nagar"", ""occupation"": ""driver"", ""district"": ""Durg"", ""family_size"": 3}",72,pending_operator_review
9442,1284,2,"{""age"": 81, ""income"": ""Kondagaon Nagar"", ""occupation"": ""government employee"", ""district"": ""Kondagaon"", ""family_size"": 7}",72,pending_operator_review
9443,1297,1,"{""age"": 63, ""income"": ""Colony 6"", ""occupation"": ""farmer"", ""district"": ""Rajnandgaon"", ""family_size"": 7}",97,approved
9444,1831,5,"{""age"": 54, ""income"": ""Colony 1"", ""occupation"": ""driver"", ""district"": ""Bemetara"", ""family_size"": 4}",87,approved
9445,1183,4,"{""age"": 78, ""income"": ""Bijapur Nagar"", ""occupation"": ""self employed"", ""district"": ""Bijapur"", ""family_size"": 7}",98,approved
9446,1742,2,"{""age"": 26, ""income"": ""Colony 6"", ""occupation"": ""teacher"", ""district"": ""Mahasamund"", ""family_size"": 6}",94,approved
9447,1190,2,"{""age"": 35, ""income"": ""Ward 4"", ""occupation"": ""driver"", ""district"": ""Jashpur"", ""family_size"": 2}",85,approved
9448,1174,5,"{""age"": 33, ""income"": ""Village UG"", ""occupation"": ""shop owner"", ""district"": ""Raigarh"", ""family_size"": 4}",74,pending_operator_review
9449,1664,2,"{""age"": 83, ""income"": ""Baloda Bazar Nagar"", ""occupation"": ""weaver"", ""district"": ""Baloda Bazar"", ""family_size"": 3}",99,approved
9450,1855,4,"{""age"": 35, ""income"": ""Village GO"", ""occupation"": ""government employee"", ""district"": ""Narayanpur"", ""family_size"": 7}",83,approved
9451,1022,4,"{""age"": 41, ""income"": ""Village WO"", ""occupation"": ""weaver"", ""district"": ""Kanker"", ""family_size"": 1}",67,pending_operator_review
9452,1185,2,"{""age"": 59, ""income"": ""Village FB"", ""occupation"": ""farmer"", ""district"": ""Dantewada"", ""family_size"": 6}",79,pending_operator_review
9453,1792,2,"{""age"": 43, ""income"": ""Colony 15"", ""occupation"": ""weaver"", ""district"": ""Surajpur"", ""family_size"": 2}",83,approved
9454,1629,5,"{""age"": 40, ""income"": ""Village FA"", ""occupation"": ""self employed"", ""district"": ""Bemetara"", ""family_size"": 6}",87,approved
9455,1241,1,"{""age"": 63, ""income"": ""Ward 14"", ""occupation"": ""carpenter"", ""district"": ""Bijapur"", ""family_size"": 2}",96,approved
9456,1437,5,"{""age"": 75, ""income"": ""Korba Nagar"", ""occupation"": ""carpenter"", ""district"": ""Korba"", ""family_size"": 3}",93,approved
9457,1083,2,"{""age"": 27, ""income"": ""Ward 7"", ""occupation"": ""housewife"", ""district"": ""Raigarh"", ""family_size"": 6}",65,pending_operator_review
9458,1320,4,"{""age"": 79, ""income"": ""Colony 13"", ""occupation"": ""housewife"", ""district"": ""Gariaband"", ""family_size"": 1}",72,pending_operator_review
9459,1008,4,"{""age"": 85, ""income"": ""Colony 5"", ""occupation"": ""weaver"", ""district"": ""Surguja"", ""family_size"": 1}",81,approved
9460,1491,3,"{""age"": 87, ""income"": ""Village GA"", ""occupation"": ""government employee"", ""district"": ""Bilaspur"", ""family_size"": 1}",96,approved
9461,1572,5,"{""age"": 87, ""income"": ""Mahasamund Nagar"", ""occupation"": ""teacher"", ""district"": ""Mahasamund"", ""family_size"": 5}",86,approved
9462,1290,5,"{""age"": 20, ""income"": ""Mungeli Nagar"", ""occupation"": ""housewife"", ""district"": ""Mungeli"", ""family_size"": 7}",62,pending_operator_review
9463,1802,3,"{""age"": 41, ""income"": ""Colony 6"", ""occupation"": ""carpenter"", ""district"": ""Durg"", ""family_size"": 8}",74,pending_operator_review
9464,1517,4,"{""age"": 31, ""income"": ""Ward 24"", ""occupation"": ""government employee"", ""district"": ""Mungeli"", ""family_size"": 7}",58,rejected
9465,1788,1,"{""age"": 68, ""income"": ""Colony 3"", ""occupation"": ""student"", ""district"": ""Kabirdham"", ""family_size"": 4}",84,approved
9466,1957,1,"{""age"": 63, ""income"": ""Village GA"", ""occupation"": ""farmer"", ""district"": ""Raipur"", ""family_size"": 6}",87,approved
9467,1368,1,"{""age"": 23, ""income"": ""Raipur Nagar"", ""occupation"": ""student"", ""district"": ""Raipur"", ""family_size"": 5}",85,approved
9468,1287,3,"{""age"": 64, ""income"": ""Colony 10"", ""occupation"": ""government employee"", ""district"": ""Kondagaon"", ""family_size"": 5}",97,approved
9469,1176,2,"{""age"": 63, ""income"": ""Village JF"", ""occupation"": ""teacher"", ""district"": ""Raigarh"", ""family_size"": 6}",87,approved
9470,1341,3,"{""age"": 87, ""income"": ""Ward 21"", ""occupation"": ""labour"", ""district"": ""Jashpur"", ""family_size"": 2}",62,pending_operator_review
9471,1837,2,"{""age"": 64, ""income"": ""Village XJ"", ""occupation"": ""weaver"", ""district"": ""Surajpur"", ""family_size"": 1}",97,approved
9472,1336,5,"{""age"": 20, ""income"": ""Ward 22"", ""occupation"": ""weaver"", ""district"": ""Gariaband"", ""family_size"": 2}",72,pending_operator_review
9473,1302,1,"{""age"": 46, ""income"": ""Colony 4"", ""occupation"": ""shop owner"", ""district"": ""Surguja"", ""family_size"": 7}",63,pending_operator_review
9474,1676,3,"{""age"": 84, ""income"": ""Village ZU"", ""occupation"": ""carpenter"", ""district"": ""Jashpur"", ""family_size"": 2}",97,approved
9475,1721,1,"{""age"": 80, ""income"": ""Colony 3"", ""occupation"": ""farmer"", ""district"": ""Bijapur"", ""family_size"": 1}",88,approved
9476,1421,4,"{""age"": 85, ""income"": ""Village WE"", ""occupation"": ""shop owner"", ""district"": ""Kabirdham"", ""family_size"": 5}",71,pending_operator_review
9477,1110,2,"{""age"": 73, ""income"": ""Ward 12"", ""occupation"": ""government employee"", ""district"": ""Bastar"", ""family_size"": 7}",64,pending_operator_review
9478,1412,3,"{""age"": 35, ""income"": ""Colony 3"", ""occupation"": ""farmer"", ""district"": ""Janjgir-Champa"", ""family_size"": 1}",71,pending_operator_review
9479,1752,1,"{""age"": 31, ""income"": ""Village KK"", ""occupation"": ""student"", ""district"": ""Gariaband"", ""family_size"": 5}",54,rejected
9480,1504,2,"{""age"": 43, ""income"": ""Rajnandgaon Nagar"", ""occupation"": ""housewife"", ""district"": ""Rajnandgaon"", ""family_size"": 8}",59,rejected
9481,1145,2,"{""age"": 86, ""income"": ""Ward 26"", ""occupation"": ""carpenter"", ""district"": ""Gariaband"", ""family_size"": 5}",58,rejected
9482,1430,4,"{""age"": 22, ""income"": ""Ward 25"", ""occupation"": ""labour"", ""district"": ""Raigarh"", ""family_size"": 8}",52,rejected
9483,1727,2,"{""age"": 46, ""income"": ""Kanker Nagar"", ""occupation"": ""housewife"", ""district"": ""Kanker"", ""family_size"": 3}",63,pending_operator_review
9484,1649,5,"{""age"": 24, ""income"": ""Colony 14"", ""occupation"": ""shop owner"", ""district"": ""Bijapur"", ""family_size"": 2}",58,rejected
9485,1529,1,"{""age"": 20, ""income"": ""Ward 28"", ""occupation"": ""farmer"", ""district"": ""Mungeli"", ""family_size"": 8}",54,rejected
9486,1909,5,"{""age"": 83, ""income"": ""Ward 15"", ""occupation"": ""self employed"", ""district"": ""Bilaspur"", ""family_size"": 4}",72,pending_operator_review
9487,1968,3,"{""age"": 33, ""income"": ""Ward 16"", ""occupation"": ""farmer"", ""district"": ""Korba"", ""family_size"": 8}",97,approved
9488,1699,3,"{""age"": 90, ""income"": ""Surguja Nagar"", ""occupation"": ""carpenter"", ""district"": ""Surguja"", ""family_size"": 3}",57,rejected
9489,1073,2,"{""age"": 47, ""income"": ""Ward 30"", ""occupation"": ""carpenter"", ""district"": ""Surguja"", ""family_size"": 8}",97,approved
9490,1325,5,"{""age"": 77, ""income"": ""Ward 11"", ""occupation"": ""unemployed"", ""district"": ""Sukma"", ""family_size"": 7}",65,pending_operator_review
9491,1776,4,"{""age"": 70, ""income"": ""Ward 5"", ""occupation"": ""carpenter"", ""district"": ""Surajpur"", ""family_size"": 4}",54,rejected
9492,1090,3,"{""age"": 54, ""income"": ""Ward 22"", ""occupation"": ""weaver"", ""district"": ""Balrampur"", ""family_size"": 4}",65,pending_operator_review
9493,1108,1,"{""age"": 20, ""income"": ""Colony 15"", ""occupation"": ""unemployed"", ""district"": ""Dantewada"", ""family_size"": 7}",60,pending_operator_review
9494,1998,2,"{""age"": 84, ""income"": ""Colony 11"", ""occupation"": ""unemployed"", ""district"": ""Raigarh"", ""family_size"": 1}",77,pending_operator_review
9495,1750,3,"{""age"": 44, ""income"": ""Sukma Nagar"", ""occupation"": ""carpenter"", ""district"": ""Sukma"", ""family_size"": 5}",93,approved
9496,1851,1,"{""age"": 60, ""income"": ""Rajnandgaon Nagar"", ""occupation"": ""student"", ""district"": ""Rajnandgaon"", ""family_size"": 1}",65,pending_operator_review
9497,1834,5,"{""age"": 88, ""income"": ""Ward 14"", ""occupation"": ""teacher"", ""district"": ""Sukma"", ""family_size"": 2}",82,approved
9498,1821,1,"{""age"": 69, ""income"": ""Kanker Nagar"", ""occupation"": ""teacher"", ""district"": ""Kanker"", ""family_size"": 4}",95,approved
9499,1428,3,"{""age"": 35, ""income"": ""Village NV"", ""occupation"": ""weaver"", ""district"": ""Kondagaon"", ""family_size"": 6}",95,approved
9500,1095,1,"{""age"": 57, ""income"": ""Raigarh Nagar"", ""occupation"": ""unemployed"", ""district"": ""Raigarh"", ""family_size"": 1}",58,rejected
9501,1070,5,"{""age"": 54, ""income"": ""Colony 13"", ""occupation"": ""weaver"", ""district"": ""Korba"", ""family_size"": 3}",69,pending_operator_review
9502,1078,3,"{""age"": 69, ""income"": ""Surajpur Nagar"", ""occupation"": ""shop owner"", ""district"": ""Surajpur"", ""family_size"": 1}",84,approved
9503,1090,4,"{""age"": 54, ""income"": ""Ward 22"", ""occupation"": ""weaver"", ""district"": ""Balrampur"", ""family_size"": 1}",58,rejected
9504,1531,3,"{""age"": 62, ""income"": ""Ward 19"", ""occupation"": ""carpenter"", ""district"": ""Gariaband"", ""family_size"": 7}",54,rejected
9505,1435,5,"{""age"": 87, ""income"": ""Ward 4"", ""occupation"": ""student"", ""district"": ""Kondagaon"", ""family_size"": 8}",84,approved
9506,1457,2,"{""age"": 44, ""income"": ""Rajnandgaon Nagar"", ""occupation"": ""weaver"", ""district"": ""Rajnandgaon"", ""family_size"": 3}",98,approved
9507,1066,3,"{""age"": 53, ""income"": ""Narayanpur Nagar"", ""occupation"": ""driver"", ""district"": ""Narayanpur"", ""family_size"": 8}",50,rejected
9508,1215,2,"{""age"": 52, ""income"": ""Colony 14"", ""occupation"": ""farmer"", ""district"": ""Rajnandgaon"", ""family_size"": 1}",67,pending_operator_review
9509,1193,3,"{""age"": 19, ""income"": ""Ward 15"", ""occupation"": ""unemployed"", ""district"": ""Rajnandgaon"", ""family_size"": 8}",66,pending_operator_review
9510,1219,2,"{""age"": 24, ""income"": ""Colony 13"", ""occupation"": ""carpenter"", ""district"": ""Bemetara"", ""family_size"": 5}",69,pending_operator_review
9511,1133,1,"{""age"": 47, ""income"": ""Ward 4"", ""occupation"": ""labour"", ""district"": ""Mungeli"", ""family_size"": 1}",76,pending_operator_review
9512,1370,1,"{""age"": 70, ""income"": ""Village AG"", ""occupation"": ""weaver"", ""district"": ""Kabirdham"", ""family_size"": 1}",51,rejected
9513,1302,4,"{""age"": 46, ""income"": ""Colony 4"", ""occupation"": ""shop owner"", ""district"": ""Surguja"", ""family_size"": 1}",54,rejected
9514,1013,3,"{""age"": 67, ""income"": ""Colony 2"", ""occupation"": ""driver"", ""district"": ""Surguja"", ""family_size"": 2}",62,pending_operator_review
9515,1125,2,"{""age"": 73, ""income"": ""Village ZF"", ""occupation"": ""shop owner"", ""district"": ""Bastar"", ""family_size"": 6}",73,pending_operator_review
9516,1342,4,"{""age"": 33, ""income"": ""Baloda Bazar Nagar"", ""occupation"": ""carpenter"", ""district"": ""Baloda Bazar"", ""family_size"": 5}",58,rejected
9517,1049,4,"{""age"": 49, ""income"": ""Ward 4"", ""occupation"": ""teacher"", ""district"": ""Durg"", ""family_size"": 3}",93,approved
9518,1698,2,"{""age"": 90, ""income"": ""Colony 13"", ""occupation"": ""farmer"", ""district"": ""Balod"", ""family_size"": 4}",88,approved
9519,1984,3,"{""age"": 22, ""income"": ""Ward 3"", ""occupation"": ""labour"", ""district"": ""Dantewada"", ""family_size"": 7}",98,approved
9520,1882,4,"{""age"": 45, ""income"": ""Village NR"", ""occupation"": ""self employed"", ""district"": ""Gariaband"", ""family_size"": 3}",92,approved
9521,1088,4,"{""age"": 79, ""income"": ""Ward 28"", ""occupation"": ""unemployed"", ""district"": ""Surajpur"", ""family_size"": 7}",100,approved
9522,1800,1,"{""age"": 36, ""income"": ""Bilaspur Nagar"", ""occupation"": ""government employee"", ""district"": ""Bilaspur"", ""family_size"": 8}",95,approved
9523,1568,4,"{""age"": 48, ""income"": ""Narayanpur Nagar"", ""occupation"": ""student"", ""district"": ""Narayanpur"", ""family_size"": 8}",77,pending_operator_review
9524,1488,4,"{""age"": 25, ""income"": ""Ward 21"", ""occupation"": ""housewife"", ""district"": ""Sukma"", ""family_size"": 6}",54,rejected
9525,1223,5,"{""age"": 33, ""income"": ""Ward 26"", ""occupation"": ""weaver"", ""district"": ""Balod"", ""family_size"": 8}",79,pending_operator_review
9526,1673,1,"{""age"": 88, ""income"": ""Balrampur Nagar"", ""occupation"": ""student"", ""district"": ""Balrampur"", ""family_size"": 3}",100,approved
9527,1219,5,"{""age"": 24, ""income"": ""Colony 13"", ""occupation"": ""carpenter"", ""district"": ""Bemetara"", ""family_size"": 2}",84,approved
9528,1995,5,"{""age"": 34, ""income"": ""Village DJ"", ""occupation"": ""student"", ""district"": ""Durg"", ""family_size"": 4}",89,approved
9529,1468,2,"{""age"": 73, ""income"": ""Ward 2"", ""occupation"": ""government employee"", ""district"": ""Bastar"", ""family_size"": 1}",67,pending_operator_review
9530,1519,4,"{""age"": 20, ""income"": ""Colony 13"", ""occupation"": ""farmer"", ""district"": ""Janjgir-Champa"", ""family_size"": 4}",52,rejected
9531,1282,3,"{""age"": 62, ""income"": ""Colony 8"", ""occupation"": ""labour"", ""district"": ""Korba"", ""family_size"": 2}",87,approved
9532,1259,3,"{""age"": 86, ""income"": ""Colony 14"", ""occupation"": ""unemployed"", ""district"": ""Jashpur"", ""family_size"": 6}",97,approved
9533,1514,4,"{""age"": 33, ""income"": ""Village JD"", ""occupation"": ""housewife"", ""district"": ""Sukma"", ""family_size"": 2}",91,approved
9534,1755,4,"{""age"": 66, ""income"": ""Ward 1"", ""occupation"": ""self employed"", ""district"": ""Gariaband"", ""family_size"": 4}",67,pending_operator_review
9535,1117,5,"{""age"": 31, ""income"": ""Gariaband Nagar"", ""occupation"": ""weaver"", ""district"": ""Gariaband"", ""family_size"": 1}",81,approved
9536,1985,5,"{""age"": 53, ""income"": ""Ward 26"", ""occupation"": ""self employed"", ""district"": ""Bijapur"", ""family_size"": 7}",99,approved
9537,1320,1,"{""age"": 79, ""income"": ""Colony 13"", ""occupation"": ""housewife"", ""district"": ""Gariaband"", ""family_size"": 4}",90,approved
9538,1649,1,"{""age"": 24, ""income"": ""Colony 14"", ""occupation"": ""shop owner"", ""district"": ""Bijapur"", ""family_size"": 6}",81,approved
9539,1825,3,"{""age"": 83, ""income"": ""Ward 27"", ""occupation"": ""driver"", ""district"": ""Mahasamund"", ""family_size"": 6}",89,approved
9540,1198,5,"{""age"": 65, ""income"": ""Raipur Nagar"", ""occupation"": ""driver"", ""district"": ""Raipur"", ""family_size"": 2}",99,approved
9541,1553,3,"{""age"": 68, ""income"": ""Ward 1"", ""occupation"": ""teacher"", ""district"": ""Baloda Bazar"", ""family_size"": 4}",92,approved
9542,1401,2,"{""age"": 61, ""income"": ""Village YV"", ""occupation"": ""student"", ""district"": ""Surajpur"", ""family_size"": 1}",73,pending_operator_review
9543,1923,3,"{""age"": 66, ""income"": ""Surajpur Nagar"", ""occupation"": ""driver"", ""district"": ""Surajpur"", ""family_size"": 5}",88,approved
9544,1196,2,"{""age"": 42, ""income"": ""Ward 6"", ""occupation"": ""unemployed"", ""district"": ""Surguja"", ""family_size"": 3}",78,pending_operator_review
9545,1084,5,"{""age"": 80, ""income"": ""Colony 9"", ""occupation"": ""driver"", ""district"": ""Surguja"", ""family_size"": 6}",66,pending_operator_review
9546,1032,4,"{""age"": 64, ""income"": ""Village AV"", ""occupation"": ""carpenter"", ""district"": ""Narayanpur"", ""family_size"": 4}",83,approved
9547,1322,4,"{""age"": 84, ""income"": ""Village NM"", ""occupation"": ""labour"", ""district"": ""Raigarh"", ""family_size"": 8}",50,rejected
9548,1144,1,"{""age"": 29, ""income"": ""Raigarh Nagar"", ""occupation"": ""teacher"", ""district"": ""Raigarh"", ""family_size"": 8}",90,approved
9549,1077,3,"{""age"": 77, ""income"": ""Ward 13"", ""occupation"": ""government employee"", ""district"": ""Bijapur"", ""family_size"": 4}",79,pending_operator_review
9550,1573,3,"{""age"": 72, ""income"": ""Colony 2"", ""occupation"": ""unemployed"", ""district"": ""Mungeli"", ""family_size"": 3}",53,rejected
9551,1704,3,"{""age"": 47, ""income"": ""Colony 11"", ""occupation"": ""teacher"", ""district"": ""Baloda Bazar"", ""family_size"": 6}",93,approved
9552,1665,3,"{""age"": 85, ""income"": ""Village BB"", ""occupation"": ""self employed"", ""district"": ""Korba"", ""family_size"": 6}",98,approved
9553,1225,3,"{""age"": 86, ""income"": ""Mahasamund Nagar"", ""occupation"": ""driver"", ""district"": ""Mahasamund"", ""family_size"": 5}",68,pending_operator_review
9554,1960,1,"{""age"": 89, ""income"": ""Ward 30"", ""occupation"": ""student"", ""district"": ""Bastar"", ""family_size"": 8}",98,approved
9555,1962,5,"{""age"": 85, ""income"": ""Colony 5"", ""occupation"": ""carpenter"", ""district"": ""Raipur"", ""family_size"": 7}",79,pending_operator_review
9556,1480,5,"{""age"": 61, ""income"": ""Ward 10"", ""occupation"": ""shop owner"", ""district"": ""Gariaband"", ""family_size"": 3}",91,approved
9557,1733,2,"{""age"": 42, ""income"": ""Village MK"", ""occupation"": ""weaver"", ""district"": ""Raipur"", ""family_size"": 2}",98,approved
9558,1948,1,"{""age"": 54, ""income"": ""Baloda Bazar Nagar"", ""occupation"": ""carpenter"", ""district"": ""Baloda Bazar"", ""family_size"": 1}",79,pending_operator_review
9559,1799,2,"{""age"": 48, ""income"": ""Village HE"", ""occupation"": ""teacher"", ""district"": ""Raipur"", ""family_size"": 1}",67,pending_operator_review
9560,1023,5,"{""age"": 79, ""income"": ""Ward 28"", ""occupation"": ""unemployed"", ""district"": ""Jashpur"", ""family_size"": 5}",81,approved
9561,1779,1,"{""age"": 21, ""income"": ""Village YM"", ""occupation"": ""teacher"", ""district"": ""Bastar"", ""family_size"": 2}",100,approved
9562,1178,3,"{""age"": 39, ""income"": ""Village CJ"", ""occupation"": ""labour"", ""district"": ""Janjgir-Champa"", ""family_size"": 7}",56,rejected
9563,1705,4,"{""age"": 75, ""income"": ""Colony 12"", ""occupation"": ""labour"", ""district"": ""Sukma"", ""family_size"": 6}",92,approved
9564,1504,5,"{""age"": 43, ""income"": ""Rajnandgaon Nagar"", ""occupation"": ""housewife"", ""district"": ""Rajnandgaon"", ""family_size"": 1}",67,pending_operator_review
9565,1098,1,"{""age"": 80, ""income"": ""Raipur Nagar"", ""occupation"": ""carpenter"", ""district"": ""Raipur"", ""family_size"": 5}",85,approved
9566,1438,4,"{""age"": 60, ""income"": ""Colony 11"", ""occupation"": ""housewife"", ""district"": ""Bilaspur"", ""family_size"": 8}",55,rejected
9567,1535,4,"{""age"": 43, ""income"": ""Village ZN"", ""occupation"": ""driver"", ""district"": ""Rajnandgaon"", ""family_size"": 5}",67,pending_operator_review
9568,1153,4,"{""age"": 56, ""income"": ""Colony 4"", ""occupation"": ""weaver"", ""district"": ""Raipur"", ""family_size"": 3}",99,approved
9569,1300,3,"{""age"": 37, ""income"": ""Village ZQ"", ""occupation"": ""weaver"", ""district"": ""Narayanpur"", ""family_size"": 8}",53,rejected
9570,1713,3,"{""age"": 83, ""income"": ""Village OU"", ""occupation"": ""self employed"", ""district"": ""Mungeli"", ""family_size"": 7}",80,approved
9571,1085,1,"{""age"": 27, ""income"": ""Ward 16"", ""occupation"": ""farmer"", ""district"": ""Bemetara"", ""family_size"": 1}",57,rejected
9572,1515,4,"{""age"": 25, ""income"": ""Ward 5"", ""occupation"": ""farmer"", ""district"": ""Dantewada"", ""family_size"": 8}",99,approved
9573,1015,2,"{""age"": 86, ""income"": ""Colony 2"", ""occupation"": ""weaver"", ""district"": ""Janjgir-Champa"", ""family_size"": 4}",60,pending_operator_review
9574,1335,4,"{""age"": 19, ""income"": ""Kabirdham Nagar"", ""occupation"": ""shop owner"", ""district"": ""Kabirdham"", ""family_size"": 1}",94,approved
9575,1293,3,"{""age"": 49, ""income"": ""Ward 28"", ""occupation"": ""shop owner"", ""district"": ""Balrampur"", ""family_size"": 4}",100,approved
9576,1773,1,"{""age"": 82, ""income"": ""Village BW"", ""occupation"": ""student"", ""district"": ""Gariaband"", ""family_size"": 8}",65,pending_operator_review
9577,1138,3,"{""age"": 45, ""income"": ""Kondagaon Nagar"", ""occupation"": ""farmer"", ""district"": ""Kondagaon"", ""family_size"": 7}",92,approved
9578,1434,5,"{""age"": 21, ""income"": ""Village BG"", ""occupation"": ""self employed"", ""district"": ""Balrampur"", ""family_size"": 8}",92,approved
9579,1914,3,"{""age"": 28, ""income"": ""Durg Nagar"", ""occupation"": ""carpenter"", ""district"": ""Durg"", ""family_size"": 1}",98,approved
9580,1219,1,"{""age"": 24, ""income"": ""Colony 13"", ""occupation"": ""carpenter"", ""district"": ""Bemetara"", ""family_size"": 5}",64,pending_operator_review
9581,1526,1,"{""age"": 43, ""income"": ""Colony 12"", ""occupation"": ""labour"", ""district"": ""Rajnandgaon"", ""family_size"": 8}",78,pending_operator_review
9582,1640,5,"{""age"": 37, ""income"": ""Surajpur Nagar"", ""occupation"": ""self employed"", ""district"": ""Surajpur"", ""family_size"": 3}",66,pending_operator_review
9583,1414,5,"{""age"": 77, ""income"": ""Village YX"", ""occupation"": ""shop owner"", ""district"": ""Durg"", ""family_size"": 3}",68,pending_operator_review
9584,1479,1,"{""age"": 72, ""income"": ""Colony 5"", ""occupation"": ""unemployed"", ""district"": ""Raipur"", ""family_size"": 5}",83,approved
9585,1125,1,"{""age"": 73, ""income"": ""Village ZF"", ""occupation"": ""shop owner"", ""district"": ""Bastar"", ""family_size"": 4}",53,rejected
9586,1096,5,"{""age"": 44, ""income"": ""Ward 23"", ""occupation"": ""labour"", ""district"": ""Balod"", ""family_size"": 7}",99,approved
9587,1296,2,"{""age"": 20, ""income"": ""Rajnandgaon Nagar"", ""occupation"": ""carpenter"", ""district"": ""Rajnandgaon"", ""family_size"": 3}",65,pending_operator_review
9588,1086,3,"{""age"": 51, ""income"": ""Village ZH"", ""occupation"": ""self employed"", ""district"": ""Rajnandgaon"", ""family_size"": 6}",94,approved
9589,1389,3,"{""age"": 22, ""income"": ""Ward 21"", ""occupation"": ""self employed"", ""district"": ""Bemetara"", ""family_size"": 2}",82,approved
9590,1807,1,"{""age"": 20, ""income"": ""Kondagaon Nagar"", ""occupation"": ""housewife"", ""district"": ""Kondagaon"", ""family_size"": 3}",79,pending_operator_review
9591,1377,5,"{""age"": 27, ""income"": ""Village UZ"", ""occupation"": ""housewife"", ""district"": ""Balod"", ""family_size"": 2}",80,approved
9592,1059,1,"{""age"": 65, ""income"": ""Ward 22"", ""occupation"": ""government employee"", ""district"": ""Balrampur"", ""family_size"": 4}",67,pending_operator_review
9593,1248,4,"{""age"": 33, ""income"": ""Gariaband Nagar"", ""occupation"": ""self employed"", ""district"": ""Gariaband"", ""family_size"": 5}",62,pending_operator_review
9594,1747,2,"{""age"": 51, ""income"": ""Baloda Bazar Nagar"", ""occupation"": ""labour"", ""district"": ""Baloda Bazar"", ""family_size"": 6}",74,pending_operator_review
9595,1826,4,"{""age"": 27, ""income"": ""Colony 2"", ""occupation"": ""driver"", ""district"": ""Dantewada"", ""family_size"": 5}",51,rejected
9596,1996,3,"{""age"": 85, ""income"": ""Raigarh Nagar"", ""occupation"": ""driver"", ""district"": ""Raigarh"", ""family_size"": 4}",74,pending_operator_review
9597,1142,3,"{""age"": 24, ""income"": ""Village CR"", ""occupation"": ""driver"", ""district"": ""Narayanpur"", ""family_size"": 2}",91,approved
9598,1688,2,"{""age"": 68, ""income"": ""Village TK"", ""occupation"": ""farmer"", ""district"": ""Janjgir-Champa"", ""family_size"": 4}",57,rejected
9599,1075,3,"{""age"": 52, ""income"": ""Ward 26"", ""occupation"": ""farmer"", ""district"": ""Jashpur"", ""family_size"": 5}",56,rejected
9600,1653,1,"{""age"": 57, ""income"": ""Village PK"", ""occupation"": ""housewife"", ""district"": ""Sukma"", ""family_size"": 2}",87,approved
